,SNO
0,A28102_at
1,AB000114_at
2,AB000115_at
5,AB000449_at
6,AB000450_at
8,AB000462_at
10,AB000466_at
11,AB000467_at
15,AB000896_at
16,AB000897_at
17,AB000905_at
19,AB001325_at
21,AB002315_at
24,AB002366_at
27,AB002409_at
30,AB003103_at
31,AB003177_at
32,AB003698_at
33,AB004884_at
34,AB006190_at
36,AC000061_cds3_at
37,AC000062_at
38,AC000064_cds1_at
39,AC000064_cds2_at
40,AC000066_at
41,AC000099_at
42,AC000115_cds1_at
43,AC002045_xpt1_at
44,AC002073_cds1_at
46,AC002086_at
49,AC002115_cds4_at
50,AC002115_rna2_at
51,AC002450_at
52,AC002464_at
53,AC002486_at
57,AD001527_cds1_at
60,AF000234_at
61,AF000430_at
64,AF000562_at
65,AF000573_rna1_at
67,AF001294_at
69,AF002020_at
72,AF003743_at
73,AF005037_at
74,AF005043_at
75,AF005361_at
76,AF005775_at
77,AF005887_at
78,AF006041_at
79,AF006084_at
80,AF006087_at
81,AF006609_at
82,AF007111_at
83,AF007551_at
84,AF007875_at
85,AF008445_at
86,AF008937_at
89,AF009426_at
91,AF010193_at
92,AF012270_at
93,AF014958_at
95,AF015913_at
98,AJ001047_at
100,AJ001487_at
102,D00591_at
105,D00654_at
106,D00723_at
107,D00726_at
108,D00760_at
110,D00762_at
112,D10202_at
113,D10495_at
116,D10523_at
120,D10995_at
123,D11139_at
124,D11151_at
126,D12485_at
127,D12625_at
128,D12676_at
130,D12763_at
132,D13168_at
133,D13264_at
134,D13305_at
137,D13435_at
139,D13626_at
143,D13633_at
144,D13634_at
145,D13635_at
146,D13636_at
147,D13637_at
149,D13640_at
151,D13642_at
152,D13643_at
153,D13644_at
154,D13645_at
156,D13789_at
159,D13969_at
162,D14134_at
163,D14446_at
164,D14497_at
170,D14659_at
171,D14660_at
172,D14661_at
174,D14663_at
176,D14678_at
178,D14689_at
179,D14694_at
180,D14695_at
182,D14811_at
184,D14822_at
185,D14823_at
187,D14838_at
188,D14874_at
189,D14878_at
190,D14889_at
191,D15049_at
193,D15057_at
195,D16217_at
196,D16227_at
198,D16350_at
200,D16532_at
202,D16581_at
203,D16583_at
205,D16626_at
206,D16815_at
207,D17357_at
208,D17390_at
209,D17391_at
210,D17400_at
211,D17461_at
212,D17516_at
217,D21090_at
218,D21163_at
219,D21205_at
220,D21239_at
224,D21262_at
226,D21337_at
227,D21851_at
228,D21852_at
230,D21878_at
237,D25218_at
240,D25278_at
241,D25303_at
243,D25538_at
244,D25539_at
245,D25547_at
246,D26018_at
247,D26067_at
249,D26069_at
251,D26135_at
252,D26308_at
253,D26350_at
254,D26361_at
257,D26528_at
258,D26561_cds1_at
259,D26561_cds2_at
260,D26561_cds3_at
265,D28114_at
269,D28364_at
270,D28383_at
273,D28476_at
274,D28483_at
275,D28532_at
276,D28588_at
278,D28915_at
281,D29641_at
282,D29642_at
284,D29677_at
285,D29810_at
286,D29833_at
288,D29956_at
289,D29958_at
291,D30036_at
292,D30037_at
296,D30756_at
299,D31762_at
300,D31763_at
306,D31797_at
307,D31815_at
310,D31884_at
312,D31886_at
313,D31887_at
316,D31891_at
317,D31897_at
318,D32001_at
320,D32202_at
321,D37931_at
322,D37965_at
323,D38037_at
329,D38293_at
331,D38449_at
332,D38462_at
333,D38491_at
334,D38500_at
335,D38503_at
336,D38521_at
338,D38524_at
339,D38535_at
342,D38550_at
343,D38551_at
344,D38552_at
345,D38553_at
346,D38555_at
348,D38751_at
349,D42038_at
350,D42039_at
354,D42045_at
356,D42047_at
357,D42053_at
358,D42054_at
360,D42063_at
361,D42072_at
363,D42084_at
365,D42087_at
366,D42108_at
369,D43636_at
372,D43767_at
373,D43768_at
374,D43772_at
375,D43947_at
376,D43948_at
378,D43950_at
383,D45371_at
384,D45399_at
386,D49357_at
387,D49387_at
388,D49394_at
392,D49488_at
395,D49493_at
396,D49677_at
399,D49817_at
400,D49818_at
401,D49950_at
403,D50063_at
405,D50312_at
407,D50402_at
411,D50532_at
412,D50582_at
413,D50640_at
414,D50645_at
416,D50678_at
418,D50692_at
419,D50810_at
421,D50857_at
424,D50912_at
426,D50914_at
427,D50915_at
428,D50916_at
430,D50918_at
431,D50919_at
432,D50920_at
435,D50924_at
436,D50925_at
437,D50926_at
438,D50927_at
439,D50928_at
441,D50931_at
442,D55638_at
443,D55640_at
448,D59253_at
450,D61391_at
452,D63135_at
454,D63390_at
459,D63477_at
461,D63480_at
462,D63481_at
463,D63482_at
464,D63483_at
467,D63486_at
469,D63506_at
470,D63813_at
473,D63875_at
474,D63876_at
475,D63877_at
477,D63879_at
479,D63881_at
480,D63998_at
482,D64110_at
484,D64154_at
485,D64158_at
486,D64159_at
490,D76444_at
491,D78011_at
494,D78129_at
498,D78261_at
499,D78275_at
500,D78333_at
501,D78334_at
502,D78335_at
504,D78367_at
506,D78586_at
512,D79987_at
513,D79988_at
514,D79989_at
516,D79991_at
517,D79992_at
518,D79993_at
520,D79995_at
522,D79997_at
523,D79998_at
525,D80001_at
526,D80002_at
527,D80003_at
532,D80008_at
533,D80009_at
534,D80010_at
535,D80011_at
536,D80012_at
537,D82060_at
539,D82070_at
540,D82326_at
541,D82343_at
542,D82344_at
546,D83004_at
548,D83032_at
549,D83195_at
550,D83243_at
551,D83407_at
553,D83597_at
554,D83657_at
555,D83699_at
556,D83702_at
560,D83776_at
562,D83778_at
565,D83781_at
567,D83783_at
569,D83785_at
571,D84110_at
572,D84145_at
574,D84276_at
576,D84307_at
578,D84424_at
581,D85181_at
582,D85245_at
583,D85376_at
584,D85418_at
585,D85423_at
587,D85433_at
588,D85527_at
591,D85939_at
592,D86096_cds3_at
595,D86519_at
597,D86640_at
599,D86957_at
600,D86959_at
601,D86960_at
603,D86962_at
604,D86963_at
609,D86968_at
610,D86969_at
611,D86970_at
612,D86971_at
613,D86972_at
614,D86973_at
615,D86975_at
616,D86976_at
617,D86977_at
618,D86978_at
619,D86979_at
620,D86980_at
621,D86981_at
622,D86982_at
624,D86984_at
625,D86985_at
626,D87009_cds3_at
627,D87011_at
628,D87012_at
629,D87023_cds2_at
632,D87073_at
633,D87074_at
634,D87075_at
635,D87076_at
636,D87077_at
641,D87127_at
643,D87292_at
645,D87432_at
647,D87434_at
648,D87435_at
649,D87436_at
650,D87437_at
651,D87438_at
654,D87443_at
655,D87444_at
656,D87445_at
657,D87446_at
658,D87447_at
659,D87448_at
660,D87449_at
661,D87450_at
662,D87451_at
664,D87453_at
666,D87455_at
669,D87459_at
671,D87461_at
672,D87462_at
673,D87463_at
674,D87464_at
676,D87466_at
677,D87467_at
680,D87470_at
681,D87673_at
682,D87682_at
683,D87683_at
684,D87684_at
685,D87685_at
687,D87742_at
689,D87845_at
692,D87957_at
693,D87969_at
694,D87989_at
696,D88152_at
697,D88213_at
698,D88270_at
700,D88422_at
701,D88460_at
703,D88613_at
706,D88797_at
707,D88799_at
709,D89050_at
712,D89289_at
713,D89501_at
716,D89859_at
717,D90064_at
718,D90084_at
719,D90086_at
720,D90097_at
722,D90224_at
723,D90276_at
724,D90282_at
725,D90359_at
726,H46990_at
727,HG1019-HT1019_at
728,HG1071-HT1071_at
730,HG1098-HT1098_at
732,HG1103-HT1103_at
733,HG1111-HT1111_at
735,HG1116-HT1116_at
736,HG1139-HT4910_at
740,HG1205-HT1205_at
741,HG142-HT142_at
743,HG1604-HT1604_at
747,HG172-HT3924_at
749,HG1733-HT1748_at
750,HG174-HT174_at
751,HG180-HT180_at
753,HG1804-HT1829_at
756,HG1869-HT1904_at
758,HG1879-HT1919_at
760,HG2036-HT2090_at
761,HG2059-HT2114_at
762,HG2152-HT2222_at
763,HG2161-HT2231_at
765,HG2188-HT2258_at
767,HG2191-HT2261_at
768,HG2228-HT2305_at
769,HG2229-HT2306_at
770,HG2247-HT2332_at
771,HG2261-HT2352_at
772,HG2264-HT2360_at
775,HG2280-HT2376_at
776,HG2290-HT2386_at
777,HG2309-HT2405_at
779,HG2320-HT2416_at
780,HG2325-HT2421_at
782,HG2415-HT2511_at
784,HG2417-HT2513_at
785,HG2442-HT2538_at
786,HG2460-HT2556_at
788,HG2480-HT2576_at
789,HG2492-HT2588_at
790,HG2507-HT2603_at
791,HG2525-HT2621_at
792,HG2530-HT2626_at
793,HG2538-HT2634_at
796,HG25930-HT26386_at
797,HG2602-HT2698_at
798,HG2604-HT2700_at
800,HG2662-HT2758_at
801,HG2663-HT2759_at
802,HG2668-HT2764_at
803,HG2686-HT2782_at
804,HG2689-HT2785_at
806,HG2706-HT2802_at
807,HG2707-HT2803_at
808,HG2709-HT2805_at
809,HG2714-HT2810_at
810,HG2715-HT2811_at
811,HG2723-HT2819_at
815,HG2796-HT2904_at
816,HG2810-HT2921_at
817,HG2825-HT2949_at
820,HG2874-HT3018_at
821,HG2936-HT3080_at
822,HG2992-HT5186_at
824,HG3063-HT3224_at
825,HG3088-HT3263_at
828,HG3111-HT3287_at
829,HG3117-HT3293_at
830,HG3123-HT3299_at
831,HG3132-HT3308_at
832,HG3137-HT3313_at
833,HG315-HT315_at
835,HG3175-HT3352_at
837,HG3227-HT3404_at
838,HG3231-HT3408_at
839,HG3248-HT3425_at
840,HG3254-HT3431_at
841,HG3255-HT3432_at
842,HG3264-HT3441_at
843,HG3286-HT3463_at
844,HG3288-HT3465_at
845,HG3299-HT3476_at
847,HG331-HT331_at
848,HG3313-HT3490_at
850,HG3345-HT3522_at
853,HG3369-HT3546_at
856,HG3415-HT3598_at
858,HG3432-HT3621_at
859,HG3454-HT3647_at
863,HG3495-HT3689_at
864,HG3502-HT3696_at
869,HG3548-HT3749_at
873,HG3578-HT3781_at
874,HG358-HT358_at
875,HG3627-HT3836_at
876,HG363-HT363_at
877,HG37-HT37_at
878,HG3733-HT4003_at
879,HG3740-HT4010_at
880,HG3748-HT4018_at
881,HG3790-HT4060_at
883,HG3872-HT4142_at
884,HG3884-HT4154_at
885,HG3893-HT4163_at
886,HG3897-HT4167_at
887,HG3930-HT4200_at
889,HG3936-HT4206_at
890,HG3942-HT4212_at
892,HG3962-HT4232_at
893,HG3971-HT4241_at
894,HG3976-HT4246_at
897,HG3989-HT4259_at
899,HG3993-HT4263_at
900,HG3994-HT4264_at
901,HG3995-HT4265_at
903,HG3999-HT4269_at
906,HG4051-HT4321_at
909,HG406-HT406_at
910,HG4068-HT4338_at
911,HG4073-HT4343_at
912,HG4074-HT4344_at
913,HG4102-HT4372_at
914,HG4114-HT4384_at
915,HG4126-HT4396_at
916,HG4128-HT4398_at
917,HG4144-HT4414_at
918,HG415-HT415_at
919,HG4157-HT4427_at
920,HG4165-HT4435_at
921,HG4167-HT4437_at
923,HG4185-HT4455_at
924,HG4188-HT4458_at
928,HG4245-HT4515_at
929,HG4258-HT4528_at
930,HG4263-HT4533_at
931,HG4272-HT4542_at
932,HG429-HT429_at
934,HG4310-HT4580_at
935,HG4316-HT4586_at
937,HG4321-HT4591_at
938,HG4332-HT4602_at
939,HG4333-HT4603_at
940,HG4336-HT4606_at
941,HG4390-HT4660_at
942,HG4411-HT4681_at
943,HG4433-HT4703_at
944,HG4458-HT4727_at
946,HG4462-HT4731_at
948,HG4533-HT4938_at
950,HG4582-HT4987_at
956,HG4716-HT5158_at
958,HG4740-HT5187_at
959,HG4747-HT5195_at
961,HG511-HT511_at
965,HG620-HT620_at
966,HG64-HT64_at
967,HG644-HT644_at
969,HG668-HT4793_at
970,HG732-HT732_at
973,HG825-HT825_at
974,HG830-HT830_at
975,HG831-HT831_at
976,HG846-HT846_at
977,HG870-HT870_at
978,HG896-HT896_at
979,HG907-HT907_at
981,HG909-HT909_at
983,HG921-HT3995_at
985,HG961-HT961_at
991,J00287_at
992,J00301_at
995,J02645_at
996,J02843_at
998,J02874_at
1000,J02883_at
1001,J02888_at
1004,J02923_at
1005,J02943_at
1006,J02963_at
1007,J02973_rna1_at
1009,J03068_at
1011,J03133_at
1012,J03161_at
1013,J03171_at
1015,J03258_at
1019,J03474_at
1021,J03589_at
1023,J03600_at
1025,J03764_at
1027,J03798_at
1028,J03810_at
1029,J03824_at
1031,J03890_rna1_at
1033,J03925_at
1034,J03930_at
1037,J04040_at
1038,J04056_at
1039,J04058_at
1040,J04076_at
1042,J04088_at
1045,J04111_at
1047,J04156_at
1048,J04162_at
1054,J04469_at
1055,J04501_at
1056,J04543_at
1058,J04605_at
1061,J04621_at
1062,J04739_at
1063,J04742_at
1069,J04970_at
1073,J04990_at
1074,J05008_at
1075,J05032_at
1077,J05068_at
1079,J05073_at
1082,J05158_at
1083,J05213_at
1086,J05257_at
1088,J05401_at
1089,J05428_at
1090,J05448_at
1092,J05500_at
1093,J05556_at
1095,J05682_at
1096,K01383_at
1097,K01396_at
1098,K01884_at
1100,K02054_at
1101,K02100_at
1104,K02402_at
1105,K02545_cds2_at
1108,K03008_cds1_at
1109,K03008_cds2_at
1112,K03218_at
1115,K03474_at
1117,L00137_cds1_at
1118,L00352_at
1119,L00354_at
1120,L00635_at
1121,L00972_at
1122,L01042_at
1123,L01087_at
1124,L01406_at
1125,L01664_at
1126,L02320_at
1129,L02547_at
1130,L02648_at
1131,L02785_at
1132,L02840_at
1134,L02932_at
1135,L02950_at
1136,L03427_at
1139,L04270_at
1141,L04510_at
1142,L04656_at
1143,L04733_at
1144,L04947_at
1145,L04953_at
1147,L05148_at
1148,L05424_cds2_at
1149,L05425_at
1150,L05500_at
1151,L05512_at
1152,L05515_at
1153,L05568_at
1154,L05597_at
1155,L05606_at
1156,L05779_at
1158,L06139_at
1160,L06175_at
1164,L06633_at
1166,L06895_at
1167,L07033_at
1168,L07044_at
1169,L07077_at
1170,L07493_at
1171,L07515_at
1172,L07540_at
1173,L07541_at
1177,L07594_at
1178,L07597_at
1179,L07633_at
1180,L07738_at
1181,L07758_at
1182,L07765_at
1183,L07868_at
1184,L07949_at
1187,L08177_at
1191,L08485_at
1192,L08488_at
1194,L09190_rna1_at
1195,L09234_at
1197,L09260_at
1200,L09717_at
1201,L09749_at
1202,L09753_at
1203,L10035_at
1204,L10102_rna1_at
1205,L10123_at
1207,L10343_at
1209,L10374_at
1211,L10381_at
1213,L10403_at
1214,L10405_at
1220,L11005_at
1221,L11239_at
1222,L11285_at
1223,L11329_at
1224,L11353_at
1227,L11372_at
1230,L11573_at
1232,L11695_at
1233,L11708_at
1236,L12392_at
1237,L12468_at
1238,L12535_at
1239,L12701_cds2_at
1240,L12723_at
1241,L13042_at
1243,L13203_at
1245,L13258_at
1246,L13278_at
1247,L13286_at
1248,L13329_at
1250,L13434_at
1251,L13436_at
1256,L13761_rna1_at
1257,L13800_at
1259,L13852_at
1261,L13972_at
1263,L13994_at
1265,L14269_at
1266,L14542_at
1268,L14595_at
1270,L14787_at
1271,L14812_at
1274,L14856_at
1275,L14922_at
1277,L15309_at
1278,L15344_at
1281,L15440_at
1282,L15533_rna1_at
1285,L16782_at
1289,L16896_at
1290,L16991_at
1291,L17128_at
1293,L17325_at
1294,L17327_at
1295,L17328_at
1296,L17330_at
1298,L18972_at
1301,L19063_at
1303,L19161_at
1304,L19183_at
1306,L19297_at
1308,L19401_at
1309,L19437_at
1311,L19593_at
1315,L19778_at
1317,L19783_at
1319,L19872_at
1323,L20320_at
1324,L20321_at
1325,L20348_at
1326,L20591_at
1327,L20773_at
1329,L20815_at
1330,L20826_at
1331,L20852_at
1332,L20859_at
1336,L21715_at
1338,L21934_at
1344,L22075_at
1345,L22206_at
1346,L22214_at
1347,L22342_at
1348,L22343_at
1350,L22650_at
1351,L23116_at
1352,L23808_at
1353,L23852_at
1355,L24203_at
1356,L24470_at
1357,L24559_at
1358,L24564_at
1364,L25119_at
1365,L25270_at
1366,L25441_at
1367,L25444_at
1368,L25798_at
1369,L25851_at
1370,L25876_at
1371,L26081_at
1372,L26234_at
1375,L26339_at
1376,L26494_at
1378,L27050_at
1379,L27071_at
1380,L27080_at
1384,L27586_at
1386,L27841_at
1389,L28175_at
1391,L28957_at
1392,L28997_at
1393,L29008_at
1395,L29218_at
1397,L29339_at
1398,L29376_at
1400,L31529_at
1401,L31573_at
1404,L31860_at
1405,L31881_at
1407,L32140_at
1408,L32163_at
1410,L32179_at
1411,L32866_at
1414,L33243_at
1416,L33477_at
1417,L33798_at
1419,L33801_at
1421,L33881_at
1424,L34075_at
1425,L34081_at
1426,L34155_at
1427,L34219_at
1429,L34409_at
1430,L34587_at
1431,L34600_at
1432,L34657_at
1433,L34673_at
1434,L34820_at
1435,L34838_at
1436,L35035_at
1438,L35251_rna1_at
1439,L35269_at
1440,L35475_at
1444,L35854_at
1445,L36033_at
1446,L36051_at
1450,L36529_at
1451,L36531_at
1452,L36642_at
1454,L36720_at
1455,L36818_at
1457,L36847_at
1458,L36861_at
1459,L36922_at
1462,L37042_at
1466,L37347_at
1467,L37362_at
1468,L37368_at
1469,L37378_at
1470,L37792_at
1472,L37936_at
1476,L38500_at
1477,L38503_at
1478,L38517_at
1479,L38608_at
1480,L38616_at
1481,L38696_at
1482,L38707_at
1484,L38820_at
1487,L38932_at
1488,L38933_rna1_at
1489,L38935_at
1492,L38961_at
1494,L39009_at
1496,L39060_at
1497,L39061_at
1498,L39064_rna1_at
1499,L39211_at
1500,L39833_at
1503,L40157_at
1505,L40366_at
1509,L40380_at
1511,L40388_at
1514,L40393_at
1515,L40394_at
1516,L40395_at
1517,L40396_at
1518,L40399_at
1519,L40400_at
1520,L40401_at
1521,L40402_at
1522,L40403_at
1523,L40407_at
1524,L40410_at
1526,L40586_at
1527,L40636_at
1529,L40933_at
1532,L41067_at
1533,L41143_at
1534,L41147_at
1536,L41349_at
1537,L41351_at
1538,L41559_at
1539,L41607_at
1541,L41680_at
1542,L41690_at
1543,L41816_at
1544,L41870_at
1545,L41887_rna1_at
1546,L41913_at
1547,L41919_rna1_at
1548,L41939_at
1549,L42025_rna1_at
1550,L42176_at
1551,L42243_cds1_at
1552,L42324_at
1553,L42354_at
1554,L42373_at
1556,L42450_at
1558,L42452_at
1560,L42563_at
1561,L42572_at
1562,L42621_at
1563,L43338_at
1564,L43366_at
1565,L43631_at
1566,L43821_at
1567,L43964_at
1568,L47345_at
1569,L47726_at
1571,L48211_at
1573,L48516_at
1575,L48692_at
1576,L48728_cds1_at
1577,L49054_at
1579,L75847_at
1580,L76159_at
1581,L76191_at
1583,L76224_at
1584,L76380_at
1585,L76465_at
1586,L76571_at
1587,L76687_at
1591,L76937_rna1_at
1592,L77213_at
1593,L77559_at
1595,L77563_at
1596,L77566_at
1597,L77571_at
1599,L77730_at
1601,L77886_at
1602,L78132_at
1603,L78267_at
1604,L78440_at
1606,M10014_cds1_at
1607,M10050_at
1609,M10612_at
1610,M10901_at
1611,M10950_cds2_at
1612,M11058_at
1613,M11119_at
1616,M11321_at
1619,M11437_cds1_at
1620,M11437_cds2_at
1621,M11567_rna1_at
1622,M11591_at
1625,M11722_at
1626,M11726_at
1628,M11973_cds1_at
1629,M12036_at
1632,M12625_at
1633,M12759_at
1635,M13143_at
1636,M13149_at
1641,M13666_at
1644,M13792_at
1645,M13903_at
1646,M13934_cds1_at
1648,M13955_at
1650,M14016_at
1652,M14091_at
1653,M14113_at
1654,M14123_xpt2_at
1655,M14123_xpt3_at
1656,M14123_xpt4_at
1657,M14158_cds4_at
1661,M14219_at
1662,M14338_at
1664,M14565_at
1665,M14636_at
1667,M14660_at
1669,M14764_at
1670,M14949_at
1672,M15182_at
1673,M15205_at
1674,M15353_at
1676,M15656_at
1677,M15661_at
1678,M15780_at
1680,M15841_at
1684,M15990_at
1685,M16038_at
1687,M16282_at
1688,M16404_at
1689,M16405_at
1690,M16424_at
1691,M16441_cds1_at
1692,M16447_at
1693,M16505_at
1694,M16801_at
1696,M16961_at
1697,M16967_at
1698,M16973_at
1699,M17219_at
1700,M17262_at
1701,M17316_at
1708,M18079_at
1709,M18185_at
1711,M18728_at
1712,M18731_at
1713,M18737_rna1_at
1716,M19301_at
1717,M19481_at
1719,M19507_at
1721,M19684_at
1722,M19720_rna1_at
1724,M19722_at
1726,M19989_cds1_at
1727,M19989_cds2_at
1728,M20137_at
1729,M20218_at
1731,M20530_at
1732,M20543_at
1734,M20777_at
1735,M20786_at
1737,M20919_at
1738,M21005_at
1740,M21121_at
1741,M21154_at
1743,M21188_at
1745,M21389_at
1746,M21494_at
1749,M21624_at
1752,M21934_at
1754,M21985_at
1755,M22005_at
1756,M22092_at
1760,M22489_at
1764,M22638_at
1767,M22898_at
1771,M22995_at
1773,M23161_at
1774,M23197_at
1776,M23294_at
1777,M23379_at
1778,M23533_at
1780,M23668_at
1783,M24351_cds2_at
1784,M24364_at
1788,M24461_at
1792,M24902_at
1794,M25164_at
1797,M25322_at
1798,M25393_at
1799,M25629_at
1800,M25753_at
1802,M25809_at
1803,M25897_at
1804,M26061_at
1805,M26062_at
1806,M26167_rna1_at
1808,M26602_at
1809,M26679_at
1810,M26682_at
1811,M26683_at
1813,M27160_at
1814,M27161_at
1815,M27281_at
1816,M27288_at
1818,M27543_at
1819,M27819_at
1821,M27878_at
1824,M28210_at
1826,M28212_at
1828,M28215_at
1829,M28219_at
1830,M28249_at
1832,M28825_at
1833,M28826_at
1834,M28827_at
1835,M28879_at
1836,M28983_at
1838,M29194_at
1842,M29474_at
1844,M29540_at
1845,M29550_at
1847,M29580_at
1848,M29581_at
1849,M29696_at
1851,M29927_at
1852,M29960_at
1853,M29971_at
1854,M30135_at
1855,M30185_at
1857,M30496_at
1858,M30773_at
1859,M30818_at
1860,M30894_at
1863,M31153_at
1865,M31165_at
1867,M31210_at
1871,M31525_at
1874,M31642_at
1875,M31651_at
1876,M31659_at
1879,M31899_at
1880,M31951_at
1882,M32011_at
1884,M32313_at
1885,M32315_at
1886,M32334_at
1887,M32373_at
1888,M32402_at
1890,M32598_at
1891,M32639_at
1896,M33374_at
1897,M33478_at
1901,M33653_at
1905,M33987_at
1908,M34065_at
1913,M34192_at
1914,M34309_at
1916,M34423_at
1917,M34455_at
1919,M34667_at
1920,M34668_at
1921,M34677_at
1922,M35128_at
1923,M35198_at
1925,M35296_at
1926,M35416_at
1927,M35531_at
1929,M36067_at
1930,M36089_at
1934,M36803_at
1935,M37033_at
1938,M37197_at
1940,M37400_at
1944,M37763_at
1945,M37766_at
1947,M37825_at
1948,M37984_rna1_at
1952,M54951_at
1953,M54968_at
1954,M54992_at
1955,M54995_at
1958,M55067_at
1959,M55131_at
1961,M55153_at
1962,M55172_at
1964,M55265_at
1965,M55267_at
1966,M55268_at
1969,M55531_at
1970,M55542_at
1971,M55543_at
1973,M55621_at
1974,M55671_at
1976,M57230_at
1977,M57293_at
1979,M57471_at
1980,M57506_rna1_at
1982,M57609_at
1984,M57730_at
1985,M57732_at
1986,M57763_at
1987,M57892_at
1989,M58285_at
1990,M58297_at
1991,M58378_cds1_at
1994,M58597_at
1996,M58603_at
1998,M59465_at
2003,M59820_at
2004,M59829_at
2006,M59911_at
2007,M59916_at
2008,M59941_at
2009,M59964_at
2010,M59979_at
2011,M60047_at
2012,M60052_at
2013,M60091_at
2014,M60092_at
2015,M60094_rna1_at
2016,M60165_cds1_at
2018,M60298_at
2020,M60314_at
2021,M60315_at
2023,M60459_at
2024,M60527_at
2025,M60556_rna2_at
2026,M60626_at
2028,M60724_at
2029,M60748_at
2030,M60749_at
2031,M60752_at
2032,M60830_at
2036,M61156_at
2037,M61176_at
2039,M61733_at
2041,M61906_at
2044,M62324_at
2045,M62397_at
2046,M62400_at
2048,M62424_at
2049,M62486_at
2052,M62783_at
2053,M62800_at
2056,M62840_at
2058,M62958_at
2059,M62982_at
2062,M63154_at
2064,M63175_at
2065,M63180_at
2067,M63262_at
2069,M63391_rna1_at
2071,M63488_at
2074,M63589_at
2075,M63603_at
2077,M63835_at
2078,M63896_at
2079,M63904_at
2080,M63928_at
2082,M63962_rna1_at
2083,M63967_at
2084,M64082_at
2087,M64108_at
2088,M64174_at
2090,M64358_at
2092,M64554_rna1_at
2095,M64590_at
2098,M64676_at
2101,M64925_at
2102,M64929_at
2103,M64930_at
2104,M64934_at
2105,M64936_at
2109,M65131_rna1_at
2110,M65199_at
2113,M65290_at
2116,M68516_rna1_at
2117,M68520_at
2118,M68840_at
2120,M68874_at
2122,M68895_rna1_at
2123,M68941_at
2129,M69225_at
2131,M73047_at
2133,M73481_at
2134,M73482_at
2135,M73489_at
2137,M73720_at
2138,M73780_at
2140,M74047_at
2141,M74089_at
2142,M74091_at
2145,M74099_at
2146,M74161_at
2147,M74290_at
2148,M74297_at
2149,M74447_at
2151,M74524_at
2152,M74525_at
2156,M74826_at
2158,M75106_at
2159,M75110_at
2161,M76180_at
2162,M76231_at
2165,M76446_at
2166,M76482_at
2167,M76558_at
2169,M76665_at
2170,M76766_at
2178,M77810_at
2180,M79462_at
2181,M80244_at
2182,M80254_at
2183,M80333_at
2184,M80335_at
2186,M80478_at
2189,M80629_at
2190,M80647_at
2191,M80783_at
2192,M80899_at
2193,M81057_at
2194,M81118_at
2195,M81379_at
2197,M81637_at
2198,M81750_at
2201,M81780_cds3_at
2204,M81829_at
2206,M81882_at
2209,M82882_at
2210,M82919_at
2211,M82962_at
2213,M83181_at
2219,M83554_at
2220,M83651_at
2221,M83738_at
2223,M83772_at
2225,M83941_at
2229,M84605_at
2233,M85164_at
2234,M85165_at
2235,M85169_at
2236,M85217_at
2237,M85220_at
2238,M85247_at
2239,M85276_at
2241,M86406_at
2242,M86407_at
2243,M86528_at
2244,M86546_at
2246,M86699_at
2247,M86707_at
2250,M86808_at
2252,M86849_at
2253,M86852_at
2255,M86917_at
2256,M86934_at
2257,M87284_at
2258,M87338_at
2259,M87339_at
2260,M87434_at
2261,M87499_at
2265,M88163_at
2268,M88338_at
2273,M89796_rna1_at
2274,M89955_at
2275,M89957_at
2277,M90359_at
2279,M90516_at
2280,M90656_at
2282,M90696_at
2283,M90820_at
2286,M91083_at
2288,M91432_at
2289,M91438_at
2290,M91467_at
2291,M91585_at
2292,M91592_at
2294,M92287_at
2297,M92424_at
2298,M92432_at
2299,M92439_at
2303,M93056_at
2304,M93107_at
2308,M93284_at
2310,M93415_at
2311,M93425_at
2315,M94065_at
2317,M94151_at
2320,M94345_at
2325,M94633_at
2335,M95712_at
2336,M95724_at
2337,M95767_at
2339,M95809_at
2343,M96684_at
2350,M96944_at
2351,M96980_at
2354,M97388_at
2361,M97936_at
2362,M98045_at
2364,M98447_rna1_at
2367,M98776_rna1_at
2368,M98833_at
2369,M99063_at
2370,M99487_at
2371,M99564_at
2372,M99701_at
2373,S34389_at
2376,S42457_at
2377,S43646_at
2379,S46622_at
2380,S48983_at
2381,S50223_at
2383,S55606_at
2384,S57235_at
2385,S57887_at
2386,S58544_at
2387,S58733_at
2390,S61953_at
2391,S62539_at
2393,S65583_rna1_at
2395,S66431_at
2396,S66793_at
2398,S67156_at
2400,S67798_at
2401,S67970_at
2405,S69232_at
2407,S69965_at
2408,S70004_at
2409,S70348_at
2410,S70585_rna1_at
2411,S70609_at
2412,S71018_at
2413,S71129_at
2414,S71824_at
2416,S72370_at
2417,S72487_at
2418,S72869_at
2419,S72904_at
2421,S73205_at
2423,S73813_at
2427,S74683_at
2429,S75168_rna1_at
2431,S75295_at
2432,S75313_at
2434,S75989_at
2435,S76067_at
2437,S76617_at
2439,S76992_at
2440,S77094_at
2442,S77361_at
2443,S77393_at
2445,S77575_at
2446,S77576_at
2447,S77583_at
2448,S77763_at
2449,S77812_at
2450,S78085_at
2452,S78203_at
2454,S78432_xpt1_at
2456,S78653_at
2457,S78723_rna2_at
2458,S79048_at
2459,S79267_at
2460,S79281_at
2463,S79781_at
2465,S80050_at
2467,S80343_at
2468,S80562_at
2470,S81083_cds1_at
2471,S81221_at
2474,S81439_at
2475,S81578_at
2476,S81893_at
2478,S81916_at
2479,S81944_at
2480,S81957_at
2485,S82240_at
2487,S82472_at
2488,S82592_at
2489,S83198_at
2490,S83249_at
2491,S83308_at
2492,S83364_at
2494,S83366_cds1_at
2495,S83366_cds3_at
2496,S83549_at
2499,S87759_at
2500,S90469_at
2504,U00238_rna1_at
2505,U00672_at
2506,U00921_at
2507,U00930_at
2508,U00943_at
2509,U00944_at
2510,U00946_at
2511,U00951_at
2514,U00957_at
2516,U01038_at
2517,U01062_at
2518,U01102_at
2524,U01317_cds1_at
2525,U01317_cds6_at
2526,U01824_at
2527,U01833_at
2529,U01922_at
2533,U02031_at
2534,U02081_at
2535,U02082_at
2536,U02310_at
2538,U02556_at
2542,U02632_at
2543,U02680_at
2544,U02687_at
2545,U03056_at
2547,U03090_at
2550,U03187_at
2556,U03486_at
2557,U03634_at
2558,U03642_at
2559,U03644_at
2560,U03688_at
2561,U03851_at
2562,U03877_at
2563,U03886_at
2564,U03891_at
2566,U03911_at
2567,U04209_at
2568,U04270_at
2569,U04313_at
2570,U04325_cds3_at
2573,U04735_at
2575,U04811_at
2576,U04840_at
2578,U04898_at
2579,U05040_at
2580,U05227_at
2582,U05259_rna1_at
2585,U05340_at
2586,U05589_at
2588,U05875_at
2589,U06088_at
2590,U06233_at
2591,U06452_at
2592,U06454_at
2594,U06632_at
2595,U06681_at
2596,U06698_at
2598,U07000_cds4_at
2601,U07158_at
2603,U07225_at
2604,U07231_at
2605,U07349_at
2606,U07358_at
2607,U07418_at
2611,U07563_cds1_at
2614,U07681_at
2616,U07794_cds2_at
2618,U07807_at
2621,U07882_at
2623,U08015_at
2624,U08023_at
2625,U08049_at
2626,U08096_at
2628,U08316_at
2629,U08336_at
2630,U08377_at
2631,U08438_at
2632,U08471_at
2633,U08815_at
2634,U08989_at
2635,U08998_at
2636,U09002_at
2640,U09278_at
2641,U09284_at
2643,U09366_at
2644,U09367_at
2645,U09368_at
2646,U09410_at
2647,U09411_at
2648,U09412_at
2650,U09414_at
2651,U09477_at
2652,U09550_at
2653,U09564_at
2654,U09578_at
2656,U09584_at
2657,U09607_at
2658,U09646_at
2659,U09759_at
2662,U09825_at
2664,U09850_at
2665,U09860_at
2666,U09877_at
2668,U10117_at
2670,U10324_at
2671,U10362_at
2673,U10485_at
2674,U10492_at
2676,U10685_at
2677,U10686_at
2678,U10693_at
2679,U10868_at
2680,U10991_at
2681,U11036_at
2682,U11037_at
2683,U11090_at
2685,U11313_at
2687,U11701_at
2688,U11732_at
2689,U11791_at
2691,U11870_rna1_at
2694,U11878_at
2699,U12471_cds1_at
2700,U12535_at
2701,U12595_at
2702,U12622_at
2703,U12775_at
2704,U12778_at
2706,U12897_at
2707,U12978_at
2708,U13044_at
2710,U13061_rna1_at
2712,U13220_at
2713,U13369_at
2714,U13395_at
2716,U13666_at
2717,U13680_at
2718,U13695_at
2719,U13706_at
2720,U13737_at
2721,U13896_at
2722,U13948_at
2723,U13991_at
2725,U14383_at
2727,U14407_at
2729,U14518_at
2730,U14528_at
2732,U14575_at
2735,U14747_at
2736,U14910_at
2744,U15009_at
2746,U15128_at
2749,U15173_at
2750,U15174_at
2752,U15197_at
2753,U15306_at
2754,U15422_cds2_at
2755,U15460_at
2756,U15552_at
2757,U15555_at
2758,U15590_at
2759,U15655_at
2760,U15782_at
2762,U16031_at
2763,U16126_at
2765,U16129_at
2766,U16258_at
2767,U16261_at
2769,U16296_at
2772,U16861_at
2774,U16997_at
2775,U17032_at
2776,U17033_at
2777,U17034_at
2780,U17195_at
2781,U17280_at
2782,U17327_at
2783,U17418_at
2784,U17566_at
2785,U17579_rna1_at
2786,U17714_at
2787,U17760_rna1_at
2788,U17886_at
2789,U17894_at
2791,U17989_at
2792,U18004_at
2795,U18062_at
2797,U18237_at
2798,U18242_at
2799,U18244_at
2800,U18271_cds1_at
2802,U18291_at
2803,U18300_at
2804,U18321_at
2806,U18543_at
2807,U18548_at
2808,U18549_at
2809,U18671_rna1_at
2810,U18914_at
2811,U18919_at
2812,U18932_at
2813,U18937_at
2814,U18985_at
2815,U18991_at
2816,U19107_rna1_at
2817,U19142_at
2818,U19180_at
2820,U19345_at
2821,U19487_at
2822,U19517_at
2823,U19523_at
2826,U19878_at
2827,U19906_at
2828,U19948_at
2831,U20230_at
2832,U20240_at
2834,U20325_at
2836,U20362_at
2838,U20428_at
2839,U20530_at
2840,U20582_at
2841,U20647_at
2842,U20648_at
2843,U20657_at
2845,U20860_at
2846,U20908_at
2847,U20979_at
2850,U21049_at
2851,U21051_rna1_at
2852,U21090_at
2854,U21551_at
2855,U21858_at
2857,U21936_at
2858,U21943_at
2860,U22233_at
2861,U22377_at
2862,U22398_at
2863,U22526_at
2865,U22897_at
2867,U23028_at
2869,U23143_at
2870,U23752_at
2872,U23942_at
2875,U24152_at
2877,U24169_at
2878,U24186_at
2879,U24266_at
2881,U24577_at
2883,U25029_at
2884,U25041_at
2885,U25128_at
2886,U25138_at
2889,U25265_at
2890,U25433_at
2891,U25435_at
2892,U25750_at
2895,U25826_at
2898,U25997_at
2900,U26174_at
2902,U26403_at
2904,U26648_at
2906,U26712_at
2908,U26727_at
2910,U27109_at
2911,U27185_at
2913,U27330_at
2914,U27459_at
2918,U27831_at
2919,U28042_at
2920,U28043_at
2921,U28131_at
2922,U28150_at
2923,U28249_at
2924,U28251_cds2_at
2927,U28369_at
2929,U28413_at
2930,U28686_at
2931,U28687_at
2932,U28727_at
2935,U28833_at
2936,U28963_at
2937,U29091_at
2938,U29171_at
2940,U29343_at
2943,U29615_at
2944,U29656_at
2945,U29680_at
2946,U29700_at
2947,U29725_at
2949,U30185_at
2950,U30245_at
2951,U30246_at
2953,U30313_at
2957,U30828_at
2959,U30888_at
2962,U30998_at
2964,U31099_at
2965,U31116_at
2966,U31120_rna1_at
2967,U31176_at
2968,U31201_cds1_at
2969,U31248_at
2974,U31449_at
2975,U31501_at
2977,U31799_at
2982,U32114_at
2983,U32315_at
2984,U32324_at
2986,U32376_at
2988,U32519_at
2989,U32576_rna1_at
2990,U32581_at
2992,U32659_at
2993,U32680_at
2994,U32849_at
2995,U32907_at
2997,U32989_at
2999,U33053_at
3002,U33267_at
3003,U33286_at
3004,U33317_rna1_at
3005,U33429_at
3006,U33447_at
3007,U33761_at
3008,U33818_at
3010,U33822_at
3011,U33837_at
3012,U33839_at
3013,U33849_at
3014,U33920_at
3015,U33921_at
3016,U34038_at
3017,U34044_at
3020,U34360_at
3021,U34605_at
3022,U34683_at
3023,U34844_at
3024,U34877_at
3025,U34879_rna1_at
3026,U34880_at
3027,U34962_at
3028,U34976_at
3030,U35100_at
3033,U35246_at
3035,U35407_at
3037,U35459_at
3042,U36501_at
3043,U36601_at
3044,U36621_cds2_at
3046,U36787_at
3047,U36798_at
3052,U37139_at
3053,U37143_at
3056,U37248_at
3058,U37283_at
3059,U37352_at
3062,U37431_at
3063,U37518_at
3064,U37519_at
3066,U37547_at
3071,U38175_at
3072,U38268_at
3073,U38372_at
3074,U38480_at
3075,U38545_at
3081,U38904_at
3083,U39196_at
3084,U39226_at
3085,U39231_at
3088,U39400_at
3091,U39487_at
3093,U39576_at
3095,U39817_at
3096,U39840_at
3097,U39905_at
3098,U40038_at
3099,U40215_at
3100,U40223_at
3102,U40343_at
3104,U40370_at
3105,U40371_at
3106,U40372_at
3107,U40380_at
3108,U40391_rna1_at
3110,U40462_at
3112,U40572_at
3113,U40622_at
3114,U40714_at
3115,U40990_at
3120,U41371_at
3121,U41387_at
3122,U41515_at
3124,U41668_at
3125,U41737_at
3129,U41813_at
3130,U41815_at
3131,U41816_at
3132,U41898_at
3134,U42359_at
3135,U42360_cds2_at
3136,U42387_at
3137,U42390_at
3140,U43030_at
3142,U43083_at
3143,U43142_at
3145,U43177_at
3146,U43279_at
3147,U43286_at
3148,U43292_at
3151,U43374_at
3153,U43431_at
3154,U43519_at
3155,U43522_at
3156,U43527_at
3157,U43586_at
3158,U43672_at
3159,U43753_cds2_at
3160,U43843_at
3161,U43885_at
3162,U43899_at
3164,U43959_at
3165,U43965_at
3167,U44060_at
3168,U44111_at
3169,U44378_at
3170,U44429_at
3171,U44754_at
3175,U44848_at
3178,U45880_at
3181,U45974_at
3183,U45976_at
3185,U45983_at
3186,U46023_at
3187,U46024_at
3189,U46116_at
3195,U46571_at
3196,U46689_at
3200,U46767_at
3201,U46901_at
3202,U47007_at
3203,U47011_cds1_at
3204,U47050_at
3205,U47054_at
3207,U47105_at
3208,U47334_at
3212,U47635_at
3215,U47927_at
3218,U48213_at
3221,U48251_at
3227,U48697_at
3228,U48707_at
3229,U48736_at
3230,U48807_at
3234,U49065_at
3235,U49070_at
3237,U49089_at
3239,U49187_at
3241,U49248_at
3243,U49260_at
3244,U49278_at
3245,U49352_at
3246,U49379_at
3247,U49395_at
3248,U49436_at
3249,U49742_at
3250,U49785_at
3252,U49844_at
3255,U49928_at
3256,U49973_xpt1_at
3257,U49973_xpt2_at
3258,U50062_at
3259,U50078_at
3261,U50146_at
3264,U50383_at
3266,U50531_at
3267,U50534_at
3269,U50553_at
3270,U50708_at
3273,U50839_at
3274,U50928_at
3275,U50929_at
3276,U50939_at
3277,U50950_at
3280,U51096_at
3281,U51127_at
3282,U51166_at
3283,U51205_at
3285,U51241_at
3287,U51334_at
3290,U51477_at
3292,U51561_at
3294,U51587_at
3296,U51711_at
3298,U51920_at
3299,U51990_at
3302,U52111_rna3_at
3306,U52152_at
3307,U52153_at
3308,U52154_at
3309,U52155_at
3311,U52427_rna1_at
3313,U52518_at
3314,U52521_at
3315,U52522_at
3316,U52682_at
3319,U52830_at
3321,U52960_at
3323,U53003_at
3324,U53174_at
3325,U53209_at
3326,U53225_at
3328,U53442_at
3329,U53445_at
3331,U53468_at
3332,U53476_at
3333,U53506_at
3336,U54617_at
3338,U54804_at
3340,U55054_at
3342,U55209_at
3344,U55764_at
3345,U55766_at
3346,U55853_at
3347,U55936_at
3348,U56085_at
3349,U56102_at
3352,U56418_at
3354,U56814_at
3356,U56833_at
3358,U56998_at
3359,U57057_at
3361,U57093_at
3363,U57099_at
3365,U57317_at
3367,U57352_at
3369,U57452_at
3370,U57592_at
3373,U57721_at
3374,U57796_at
3375,U57877_at
3376,U57911_at
3377,U58032_at
3378,U58033_at
3379,U58034_at
3380,U58048_at
3382,U58089_at
3383,U58090_at
3384,U58091_at
3385,U58096_at
3387,U58331_at
3390,U58658_at
3395,U59057_at
3397,U59228_at
3399,U59289_at
3400,U59302_at
3404,U59423_at
3405,U59736_at
3406,U59748_at
3408,U59863_at
3409,U59878_at
3410,U59913_at
3411,U59914_at
3412,U59919_at
3414,U60062_at
3416,U60116_at
3417,U60205_at
3418,U60269_cds1_at
3419,U60269_cds2_at
3420,U60269_cds3_at
3422,U60319_at
3423,U60325_at
3424,U60415_at
3425,U60519_at
3428,U60665_at
3429,U60666_at
3430,U60800_at
3431,U60805_at
3432,U60873_at
3435,U61166_at
3436,U61167_at
3437,U61232_at
3439,U61262_at
3440,U61263_at
3443,U61741_at
3447,U62136_at
3449,U62317_rna6_at
3450,U62317_rna7_at
3451,U62325_at
3452,U62389_at
3453,U62431_at
3454,U62433_at
3455,U62437_at
3457,U62739_at
3458,U62800_at
3460,U62961_at
3463,U63090_at
3464,U63139_at
3465,U63289_at
3466,U63295_at
3467,U63312_at
3468,U63329_at
3469,U63332_at
3470,U63336_at
3471,U63455_at
3472,U63541_at
3473,U63542_at
3474,U63717_at
3475,U63743_at
3476,U63824_at
3479,U64105_at
3480,U64197_at
3481,U64198_at
3482,U64444_at
3483,U64520_at
3484,U64675_at
3485,U64863_at
3486,U64871_at
3487,U64998_at
3488,U65002_at
3493,U65404_at
3494,U65406_rna4_at
3495,U65410_at
3496,U65437_rna1_at
3497,U65579_at
3499,U65676_at
3501,U65928_at
3504,U66036_at
3508,U66075_at
3509,U66083_at
3510,U66088_at
3511,U66198_at
3512,U66359_at
3514,U66464_at
3516,U66469_at
3517,U66497_at
3519,U66561_at
3520,U66578_at
3522,U66581_at
3523,U66615_at
3526,U66618_at
3528,U66661_at
3529,U66669_at
3530,U66702_at
3533,U67156_at
3535,U67191_at
3536,U67319_at
3537,U67369_at
3538,U67611_at
3542,U67784_at
3543,U67849_at
3546,U67988_at
3547,U68018_at
3548,U68019_at
3549,U68030_at
3550,U68031_at
3552,U68111_at
3553,U68133_at
3556,U68385_at
3559,U68494_at
3560,U68536_at
3563,U68727_at
3564,U69108_at
3565,U69127_at
3566,U69141_at
3567,U69263_at
3569,U69645_at
3570,U69961_at
3572,U70136_at
3573,U70321_at
3575,U70323_at
3576,U70370_at
3577,U70426_at
3578,U70451_at
3584,U70862_at
3587,U70987_at
3588,U71087_at
3589,U71088_at
3590,U71092_at
3592,U71300_at
3594,U71374_at
3595,U71598_at
3596,U71601_at
3597,U72066_at
3602,U72508_at
3605,U72514_at
3608,U72621_at
3609,U72661_at
3610,U72671_at
3612,U73167_cds3_at
3613,U73167_cds4_at
3614,U73167_cds5_at
3615,U73167_cds7_at
3616,U73191_at
3619,U73330_at
3620,U73338_at
3623,U73499_at
3625,U73524_at
3628,U73737_at
3629,U73799_at
3631,U73843_at
3633,U74612_at
3635,U75308_at
3636,U75362_at
3637,U75370_at
3638,U75679_at
3641,U76189_at
3642,U76272_at
3643,U76369_at
3644,U76421_at
3646,U76638_at
3648,U77129_at
3649,U77180_at
3651,U77413_at
3654,U77604_at
3655,U77643_at
3656,U77664_at
3659,U77735_at
3661,U77845_at
3663,U77949_at
3666,U77975_at
3672,U78190_rna1_at
3675,U78524_at
3679,U78575_at
3680,U78628_at
3681,U78678_at
3682,U78722_at
3684,U78793_at
3687,U79241_at
3688,U79242_at
3690,U79246_at
3691,U79247_at
3692,U79248_at
3693,U79249_at
3695,U79252_at
3696,U79253_at
3699,U79256_at
3700,U79257_at
3701,U79258_at
3705,U79263_at
3706,U79265_at
3707,U79266_at
3708,U79267_at
3709,U79270_at
3710,U79271_at
3713,U79274_at
3715,U79277_at
3717,U79282_at
3718,U79285_at
3722,U79289_at
3723,U79290_at
3727,U79295_at
3728,U79296_at
3729,U79297_at
3730,U79298_at
3732,U79300_at
3733,U79301_at
3736,U79304_at
3737,U79526_at
3739,U79718_at
3741,U79734_at
3742,U79751_at
3743,U80017_rna1_at
3745,U80017_rna3_at
3746,U80034_at
3748,U80073_at
3749,U80184_rna1_at
3752,U80628_at
3753,U80669_at
3757,U81262_at
3759,U81523_at
3760,U81554_at
3762,U81599_at
3763,U81600_at
3766,U81802_at
3769,U82130_at
3771,U82256_at
3772,U82275_at
3773,U82303_at
3775,U82310_at
3776,U82311_at
3777,U82313_at
3778,U82319_at
3780,U82321_at
3783,U82535_at
3784,U82613_at
3785,U82668_rna1_at
3786,U82671_cds2_at
3788,U82818_at
3789,U82970_at
3791,U83115_at
3797,U83461_at
3799,U83600_at
3800,U83601_at
3801,U83843_at
3802,U83908_at
3803,U84487_at
3804,U84540_at
3808,U84720_at
3810,U85245_at
3812,U85267_at
3813,U85430_at
3815,U85658_at
3817,U85767_at
3818,U85943_at
3819,U85946_at
3820,U85992_at
3822,U86136_at
3823,U86214_at
3825,U86409_at
3827,U86602_at
3829,U87223_at
3830,U87269_at
3831,U87309_at
3832,U87408_at
3834,U87460_at
3835,U87964_at
3839,U88666_at
3841,U88726_at
3842,U88871_at
3843,U88892_at
3845,U89012_at
3848,U89335_cds2_at
3849,U89336_cds1_at
3852,U89336_cds6_at
3853,U89336_cds7_at
3854,U89336_cds8_at
3855,U89355_at
3857,U89606_at
3858,U89717_at
3859,U89896_at
3860,U89916_at
3862,U89995_at
3863,U90268_at
3864,U90304_at
3865,U90306_at
3866,U90313_at
3869,U90437_at
3870,U90544_at
3874,U90551_at
3875,U90651_at
3879,U90904_at
3882,U90908_at
3884,U90910_at
3885,U90911_at
3886,U90912_at
3888,U90914_at
3890,U90916_at
3891,U90918_at
3893,U91316_at
3895,U91521_at
3896,U91616_at
3900,U91931_at
3902,U91985_at
3903,U92014_at
3904,U92015_at
3905,U92436_at
3906,U92458_at
3908,U92971_at
3910,U93091_at
3912,U93237_rna2_at
3913,U93553_at
3914,U93867_at
3916,U94320_at
3917,U94332_at
3918,U94333_at
3926,U95020_at
3928,U95090_at
3929,U95626_rna1_at
3930,U95740_rna1_at
3932,U96094_at
3933,U96113_at
3934,U96114_at
3935,U96115_at
3936,U96191_at
3937,U96629_rna1_at
3938,U96629_rna2_at
3943,U97018_at
3945,U97188_at
3947,V00503_at
3949,V00571_rna1_at
3953,V01514_at
3954,V01515_cds1_at
3956,X00237_at
3958,X00368_xpt2_at
3959,X00371_rna1_at
3960,X00588_at
3961,X00734_at
3962,X01057_at
3963,X01059_at
3969,X02158_rna1_at
3972,X02530_at
3973,X02544_at
3975,X02612_at
3977,X02751_at
3978,X02874_at
3980,X03066_at
3981,X03072_at
3985,X03473_at
3987,X03635_at
3988,X03656_rna1_at
3989,X03663_at
3990,X03934_at
3991,X04011_at
3994,X04143_at
3995,X04145_at
3996,X04201_at
3998,X04325_at
3999,X04327_at
4001,X04391_at
4003,X04434_at
4006,X04688_at
4007,X04707_at
4013,X05232_at
4014,X05246_at
4016,X05299_at
4017,X05323_at
4018,X05360_at
4021,X05615_at
4023,X05997_at
4024,X06256_at
4025,X06272_at
4026,X06290_at
4028,X06389_at
4029,X06482_at
4030,X06562_at
4031,X06614_at
4033,X06661_at
4034,X06745_at
4037,X07024_at
4039,X07173_at
4040,X07290_at
4041,X07315_at
4042,X07384_at
4043,X07495_at
4045,X07696_at
4047,X07743_at
4049,X07820_at
4050,X07834_at
4051,X07876_at
4052,X07948_at
4054,X07994_at
4057,X12451_at
4058,X12453_at
4059,X12458_rna1_at
4061,X12517_at
4062,X12556_at
4063,X12662_rna1_at
4064,X12791_at
4065,X12794_at
4067,X13227_at
4069,X13255_at
4070,X13293_at
4072,X13444_at
4073,X13482_at
4075,X13589_at
4079,X13956_at
4080,X13967_at
4081,X13973_at
4083,X14329_at
4085,X14362_at
4087,X14448_at
4088,X14675_at
4090,X14789_at
4091,X14813_at
4095,X14968_at
4096,X14975_at
4097,X15088_at
4100,X15217_at
4101,X15218_at
4102,X15306_rna1_at
4104,X15357_at
4108,X15525_rna1_at
4110,X15722_at
4116,X15943_at
4117,X15949_at
4120,X16282_at
4121,X16316_at
4122,X16354_at
4123,X16396_at
4126,X16662_at
4128,X16665_at
4130,X16706_at
4133,X16901_at
4134,X16983_at
4135,X17025_at
4137,X17094_at
4140,X17254_at
4141,X17576_at
4143,X17622_at
4144,X17648_at
4145,X17651_at
4148,X51417_at
4149,X51420_at
4152,X51602_at
4153,X51630_at
4154,X51688_at
4155,X51730_at
4157,X51801_at
4159,X51952_xpt1_at
4160,X51953_at
4161,X51954_at
4163,X51985_at
4164,X52001_at
4165,X52003_at
4166,X52005_at
4168,X52011_at
4169,X52056_at
4170,X52142_at
4171,X52151_at
4172,X52192_at
4173,X52221_at
4175,X52479_at
4178,X52599_at
4181,X52773_at
4184,X52943_at
4194,X53793_at
4197,X54131_at
4198,X54150_at
4199,X54162_at
4203,X54380_at
4204,X54637_at
4205,X54673_at
4207,X54870_at
4208,X54871_at
4209,X54925_at
4210,X54936_at
4211,X54938_at
4212,X54941_at
4213,X54942_at
4214,X55079_rna1_at
4215,X55330_at
4216,X55448_cds2_at
4217,X55544_at
4218,X55666_at
4219,X55668_at
4222,X55740_at
4223,X55777_cds2_at
4225,X55889_at
4228,X56253_rna1_at
4230,X56465_at
4233,X56654_at
4236,X56692_at
4237,X56741_at
4238,X56807_at
4242,X57129_at
4244,X57303_at
4249,X57830_at
4251,X58022_at
4254,X58255_at
4255,X58288_at
4256,X58377_at
4257,X58521_at
4258,X58529_at
4261,X58987_at
4263,X59131_at
4264,X59350_at
4265,X59372_at
4266,X59373_at
4269,X59434_at
4270,X59543_at
4271,X59618_at
4272,X59656_at
4273,X59710_at
4274,X59711_at
4275,X59727_at
4277,X59770_at
4279,X59812_at
4282,X59871_at
4287,X60382_rna1_at
4289,X60484_at
4292,X60592_at
4293,X60655_at
4295,X60708_at
4296,X60957_at
4297,X60992_at
4298,X61070_at
4299,X61072_at
4300,X61079_at
4301,X61100_rna1_at
4304,X61177_at
4306,X61587_at
4307,X61615_at
4308,X61970_at
4309,X62025_rna1_at
4310,X62048_at
4311,X62055_at
4315,X62535_at
4320,X62822_at
4321,X63097_at
4324,X63359_at
4325,X63380_at
4326,X63417_at
4328,X63454_at
4329,X63469_at
4331,X63546_at
4332,X63563_at
4334,X63597_at
4335,X63629_at
4336,X63657_at
4337,X63679_at
4338,X63692_at
4341,X63759_at
4342,X64037_at
4343,X64044_at
4349,X64594_at
4350,X64643_at
4353,X64810_at
4354,X64838_at
4355,X64878_at
4356,X65233_at
4357,X65293_at
4358,X65550_at
4359,X65614_at
4360,X65633_at
4361,X65644_at
4362,X65663_at
4365,X65873_at
4366,X65977_at
4368,X66114_rna1_at
4370,X66171_at
4371,X66358_at
4372,X66360_at
4375,X66364_at
4376,X66365_at
4377,X66397_at
4378,X66401_cds1_at
4379,X66403_at
4380,X66417_at
4382,X66503_at
4383,X66533_at
4385,X66610_at
4387,X66867_cds1_at
4389,X66922_at
4391,X67081_at
4392,X67098_at
4393,X67155_at
4395,X67318_at
4397,X67337_at
4398,X67594_at
4399,X67683_at
4402,X67734_at
4404,X68149_at
4405,X68194_at
4406,X68242_at
4407,X68264_rna1_at
4409,X68314_at
4412,X68560_at
4413,X68561_at
4415,X68742_at
4417,X68994_at
4418,X69089_at
4419,X69090_at
4421,X69141_at
4424,X69398_at
4428,X69699_at
4429,X69819_at
4430,X69838_at
4434,X69978_at
4439,X70297_at
4440,X70340_at
4445,X70991_at
4446,X71125_at
4449,X71348_at
4451,X71490_at
4452,X71874_cds1_at
4453,X71877_at
4456,X72177_rna1_at
4457,X72308_at
4458,X72755_at
4459,X72790_at
4461,X72879_at
4462,X72882_at
4463,X72925_at
4468,X73501_at
4470,X73874_at
4471,X73882_at
4473,X74039_at
4477,X74328_rna1_at
4478,X74330_at
4479,X74331_at
4480,X74496_at
4481,X74570_at
4484,X74794_at
4488,X74837_at
4489,X75042_at
4493,X75308_at
4494,X75315_at
4496,X75535_at
4499,X75756_at
4501,X75917_at
4503,X75962_at
4506,X76040_at
4507,X76057_at
4508,X76059_at
4509,X76061_at
4510,X76092_at
4511,X76104_at
4512,X76105_at
4513,X76132_at
4514,X76180_at
4516,X76302_at
4517,X76342_at
4518,X76383_at
4521,X76538_at
4522,X76648_at
4524,X76732_at
4526,X77094_at
4527,X77166_at
4528,X77197_at
4529,X77307_at
4531,X77383_at
4532,X77533_at
4533,X77548_at
4537,X77748_at
4539,X77909_at
4541,X78121_at
4543,X78342_at
4544,X78520_at
4547,X78578_at
4548,X78627_at
4549,X78669_at
4552,X78706_at
4553,X78710_at
4555,X78924_at
4556,X78925_at
4557,X78926_at
4558,X78933_at
4560,X79066_at
4562,X79201_at
4567,X79440_at
4572,X79780_at
4573,X79781_at
4574,X79865_at
4576,X79888_at
4577,X79981_at
4578,X79984_at
4579,X80026_at
4580,X80062_at
4585,X80343_at
4586,X80497_at
4587,X80507_at
4588,X80590_at
4593,X80907_at
4595,X80910_at
4597,X80923_at
4600,X81333_at
4601,X81372_at
4606,X81788_at
4608,X81882_at
4609,X81889_at
4610,X81892_at
4611,X81895_at
4612,X82018_at
4613,X82068_at
4614,X82103_at
4615,X82125_at
4617,X82200_at
4618,X82207_at
4619,X82224_at
4620,X82240_rna1_at
4621,X82324_at
4625,X82539_at
4626,X82554_rna1_at
4627,X82629_at
4628,X82634_at
4629,X82676_at
4630,X82693_at
4632,X82895_at
4633,X83107_at
4634,X83127_at
4637,X83378_at
4638,X83412_at
4643,X83573_at
4644,X83618_at
4645,X83703_at
4646,X83928_at
4647,X83973_at
4648,X84002_at
4649,X84003_at
4650,X84194_at
4651,X84195_at
4652,X84373_at
4653,X84707_rna1_at
4654,X84709_at
4655,X84740_at
4656,X84746_at
4657,X84908_at
4659,X85133_at
4660,X85134_rna1_at
4661,X85178_at
4662,X85237_at
4664,X85373_at
4665,X85545_at
4666,X85740_at
4668,X85753_at
4670,X85786_at
4671,X86012_at
4672,X86018_at
4673,X86019_at
4674,X86098_at
4675,X86163_at
4676,X86400_at
4677,X86564_at
4684,X86816_at
4685,X87159_at
4686,X87160_at
4687,X87176_at
4689,X87237_at
4691,X87342_at
4692,X87613_at
4693,X87767_at
4695,X87843_at
4696,X87852_at
4697,X87870_at
4698,X87904_at
4699,X89059_at
4700,X89066_at
4701,X89067_at
4702,X89211_at
4704,X89398_cds2_at
4705,X89416_at
4706,X89426_at
4707,X89576_at
4709,X89894_at
4711,X89984_at
4712,X89985_at
4713,X90568_at
4714,X90761_at
4715,X90763_at
4716,X90780_rna1_at
4717,X90828_at
4718,X90840_at
4719,X90857_at
4720,X90858_at
4724,X90999_at
4725,X91103_at
4727,X91141_at
4728,X91148_at
4729,X91220_at
4731,X91249_at
4733,X91348_at
4735,X91648_at
4736,X91788_at
4737,X91809_at
4738,X91868_at
4739,X91992_at
4742,X92110_at
4743,X92396_at
4744,X92475_at
4745,X92521_at
4746,X92689_at
4748,X92720_at
4752,X92896_at
4754,X93017_at
4757,X93499_at
4758,X93510_at
4759,X93512_at
4761,X93921_at
4764,X94333_at
4765,X94453_at
4767,X94629_at
4768,X94703_at
4771,X95073_at
4772,X95095_at
4773,X95152_rna1_at
4774,X95190_at
4775,X95191_at
4776,X95237_at
4777,X95239_at
4778,X95289_at
4779,X95384_at
4784,X95648_at
4785,X95654_at
4786,X95715_at
4787,X95735_at
4788,X95826_at
4793,X96586_at
4795,X96719_at
4796,X96752_at
4797,X96753_at
4798,X96783_rna1_at
4802,X97058_at
4803,X97064_at
4804,X97065_at
4806,X97160_rna1_at
4811,X97303_at
4812,X97324_at
4813,X97335_at
4814,X97544_at
4816,X97671_at
4818,X97675_rna1_at
4819,X97795_at
4820,X98001_at
4822,X98172_at
4823,X98176_at
4825,X98248_rna1_at
4826,X98258_at
4827,X98260_at
4828,X98261_at
4830,X98266_cds2_at
4831,X98307_at
4832,X98311_at
4833,X98330_at
4835,X98507_at
4838,X98833_rna1_at
4840,X99050_rna1_at
4842,X99101_at
4843,X99140_at
4845,X99142_at
4847,X99226_at
4848,X99268_at
4853,X99584_at
4855,X99656_at
4858,X99687_at
4859,X99688_at
4860,X99699_at
4861,X99720_rna1_at
4862,X99728_at
4863,X99802_at
4864,X99894_at
4866,X99947_at
4867,X99961_at
4868,Y00062_at
4873,Y00291_at
4874,Y00317_at
4875,Y00318_at
4879,Y00636_at
4880,Y00705_at
4884,Y00815_at
4886,Y00971_at
4887,Y00978_at
4888,Y07512_at
4890,Y07596_at
4892,Y07683_at
4893,Y07701_at
4894,Y07707_at
4895,Y07755_at
4896,Y07759_at
4897,Y07828_at
4898,Y07829_xpt3_at
4901,Y07847_at
4902,Y07867_at
4903,Y08134_at
4904,Y08136_at
4905,Y08200_at
4906,Y08223_at
4907,Y08263_at
4909,Y08319_at
4912,Y08564_at
4913,Y08612_at
4916,Y08639_at
4918,Y08837_at
4919,Y08915_at
4921,Y08991_at
4924,Y09216_at
4925,Y09267_at
4926,Y09305_at
4927,Y09306_at
4928,Y09321_at
4929,Y09443_at
4931,Y09615_at
4934,Y09858_at
4936,Y09980_rna4_at
4938,Y10055_at
4939,Y10202_at
4940,Y10204_at
4941,Y10205_at
4944,Y10210_at
4948,Y10313_at
4949,Y10376_at
4950,Y10505_at
4951,Y10506_at
4952,Y10510_at
4953,Y10511_at
4954,Y10512_at
4956,Y10517_at
4957,Y10518_at
4958,Y10571_at
4960,Y10659_at
4961,Y10812_at
4964,Y11174_at
4965,Y11180_at
4966,Y11215_at
4967,Y11251_at
4970,Y11651_at
4971,Y11681_at
4972,Y11709_at
4973,Y11710_rna1_at
4974,Y11897_at
4975,Y11999_at
4978,Y12556_at
4979,Y12670_at
4981,Y12812_at
4982,Y12856_at
4983,Y13115_at
4984,Y13153_at
4985,Y13247_at
4987,Y13896_at
4990,Z11559_at
4991,Z11695_at
4992,Z11697_at
4995,Z11850_at
4996,Z12173_at
4997,Z12830_at
5000,Z14093_at
5003,Z15005_at
5004,Z15108_at
5005,Z15114_at
5006,Z17227_at
5007,Z18859_rna1_at
5009,Z18951_at
5016,Z21707_at
5017,Z21966_at
5019,Z22535_at
5020,Z22536_at
5022,Z22551_at
5024,Z22780_at
5025,Z22865_at
5026,Z22970_at
5029,Z23115_at
5030,Z24459_xpt5_at
5031,Z24680_at
5032,Z24724_at
5035,Z25535_at
5040,Z26634_at
5044,Z28339_at
5046,Z29064_at
5047,Z29067_at
5049,Z29077_xpt1_at
5051,Z29090_at
5052,Z29331_at
5053,Z29481_at
5055,Z29572_at
5056,Z29574_at
5059,Z30426_at
5061,Z32684_at
5063,Z33642_at
5065,Z34897_at
5066,Z34918_at
5067,Z34975_at
5068,Z35093_at
5069,Z35102_at
5070,Z35227_at
5071,Z35278_at
5072,Z35307_at
5074,Z35491_at
5075,Z36531_at
5076,Z36714_at
5079,Z37976_at
5081,Z38026_at
5082,Z46376_rna1_at
5084,Z46788_at
5086,Z46973_at
5087,Z47043_at
5089,Z47553_at
5090,Z47727_at
5092,Z48051_rna1_at
5093,Z48054_at
5098,Z48511_at
5100,Z48520_at
5102,Z48570_at
5104,Z48605_at
5111,Z49194_at
5112,Z49205_at
5113,Z49208_at
5115,Z49269_at
5117,Z49989_at
5118,Z49995_at
5120,Z50053_at
5121,Z50194_at
5122,Z50749_at
5124,Z50853_at
5126,Z67743_at
5127,Z68129_cds1_at
5129,Z68747_at
5130,Z69720_at
5131,Z69881_at
5132,Z69915_at
5133,Z69923_at
5136,Z70222_at
5137,Z70295_at
5138,Z70723_at
5142,Z72499_at
5143,Z73497_at
5144,Z73677_at
5145,Z73903_at
5146,Z75330_at
5147,Z78289_at
5148,Z78290_at
5149,Z78291_at
5150,Z79581_at
5151,Z80776_at
5152,Z80777_at
5153,Z80788_at
5155,Z83741_at
5157,Z83745_at
5158,Z83799_at
5159,Z83800_at
5160,Z83802_at
5161,Z83803_at
5164,Z83806_at
5165,Z83821_cds2_at
5166,Z84483_at
5168,Z84721_cds1_at
5170,Z84722_at
5171,Z93784_at
5173,Z96810_at
5174,Z97054_xpt2_at
5175,Z97074_at
5176,AB002332_at
5179,AF001548_rna1_at
5180,D00860_at
5181,D10040_at
5182,D10925_at
5184,D16105_at
5185,D16480_at
5186,D16481_at
5188,D21235_at
5190,D26070_at
5191,D28791_at
5192,D29805_at
5193,D31889_at
5194,D38073_at
5195,D38081_at
5196,D38122_at
5197,D38502_at
5199,D45132_at
5200,D50405_at
5201,D50550_at
5202,D64108_at
5203,D80000_at
5205,D83646_at
5207,D86958_at
5208,D86988_at
5211,HG2465-HT4871_at
5213,HG2841-HT2970_at
5214,HG2846-HT2983_at
5216,HG3859-HT4129_at
5217,HG4679-HT5104_at
5219,J00220_cds4_at
5221,J02986_cds1_at
5222,J03027_at
5223,J04168_at
5225,J04449_at
5226,J04513_at
5228,K01900_at
5229,K02766_at
5231,L00205_at
5233,L04569_at
5235,L04751_at
5236,L06133_at
5237,L07615_at
5239,L07919_at
5240,L08895_at
5245,L12052_at
5246,L13744_at
5247,L13773_at
5249,L20860_at
5250,L20965_at
5252,L22454_at
5255,L35263_at
5256,L36870_at
5258,L43576_at
5259,L46353_at
5261,L76517_at
5262,L76569_at
5263,L76627_at
5264,L78833_cds1_at
5265,M12783_at
5267,M14123_xpt1_at
5268,M14745_at
5269,M14758_at
5270,M15169_at
5271,M16276_at
5275,M21535_at
5276,M24283_at
5278,M27691_at
5279,M31724_at
5280,M34276_at
5281,M34715_at
5282,M37712_at
5283,M38258_at
5284,M55683_at
5285,M58026_at
5286,M60503_at
5287,M60828_at
5288,M61853_at
5293,M73548_at
5294,M76729_at
5296,M83664_at
5297,M84424_at
5303,M94055_at
5307,S41458_at
5309,S66427_at
5310,S66896_at
5312,S69369_at
5314,S77410_at
5315,S78234_at
5316,U04636_rna1_at
5317,U07139_at
5319,U09279_at
5320,U09609_at
5321,U10886_at
5324,U13022_at
5326,U16307_at
5327,U17838_at
5330,U18422_at
5331,U18550_at
5332,U20760_at
5333,U20938_at
5334,U22680_at
5335,U22815_at
5336,U22816_at
5337,U25771_at
5339,U26424_at
5340,U28049_at
5341,U28055_at
5344,U33841_at
5345,U34587_at
5346,U35376_at
5349,U37426_at
5350,U38276_at
5352,U40571_at
5356,U41740_at
5357,U43653_at
5358,U47077_at
5359,U47292_at
5361,U50196_at
5363,U57627_at
5364,U58675_cds1_at
5365,U58675_cds2_at
5367,U61500_at
5368,U61981_at
5369,U62438_at
5370,U67615_at
5373,U74324_at
5374,U82467_at
5375,U83171_at
5377,U94836_at
5378,U95626_rna3_at
5379,U96131_at
5381,V00536_rna1_at
5383,X02883_at
5384,X03350_at
5386,X05309_at
5389,X07203_at
5391,X14766_at
5392,X15422_at
5393,X15675_at
5394,X16281_at
5395,X16323_at
5396,X16866_at
5397,X17360_rna1_at
5399,X52075_rna1_at
5400,X52228_at
5401,X54741_at
5403,X55990_rna1_at
5406,X58072_at
5407,X59739_at
5408,X63468_at
5409,X63717_at
5411,X65463_at
5413,X65857_at
5414,X66087_at
5416,X70811_at
5417,X71661_at
5419,X72889_at
5422,X75918_at
5423,X77753_at
5424,X78338_at
5425,X78686_at
5426,X78932_at
5428,X81625_at
5429,X82209_at
5430,X82835_at
5431,X83228_at
5432,X89430_at
5433,X90392_at
5434,X92368_at
5435,X95525_at
5437,X99975_at
5440,Y09445_at
5442,Z18956_at
5443,Z23091_rna1_at
5444,Z31695_at
5448,HG2157-HT2227_at
5449,J03060_at
5450,L41390_at
5452,S62907_s_at
5453,AB000381_s_at
5454,AB000410_s_at
5455,AB000816_s_at
5456,AB005535_s_at
5459,Y12393_s_at
5460,AB006781_s_at
5462,AC000063_s_at
5464,S62027_s_at
5465,AC002477_s_at
5467,D10667_s_at
5468,AF001787_s_at
5469,S76853_s_at
5470,AF012024_s_at
5472,D00408_at
5473,D00408_s_at
5474,D00003_at
5475,D00003_s_at
5478,D00097_s_at
5480,M18700_s_at
5482,M37271_s_at
5484,X15331_s_at
5485,L09229_s_at
5486,X62429_s_at
5488,D10326_s_at
5489,D10537_s_at
5490,L24893_s_at
5491,D10922_s_at
5493,L09230_s_at
5495,D12620_s_at
5496,D12775_s_at
5499,M15465_s_at
5501,HG1686-HT4572_s_at
5504,D13638_s_at
5508,D13814_s_at
5511,HG3362-HT3539_s_at
5512,HG1699-HT1704_s_at
5513,U41766_s_at
5514,D14826_s_at
5515,S68271_s_at
5516,HG2075-HT2137_s_at
5517,X52213_s_at
5520,D16611_s_at
5521,D16688_s_at
5522,D16827_s_at
5523,D17408_s_at
5524,X83929_s_at
5526,Z11685_s_at
5527,S69231_s_at
5528,D17570_s_at
5529,X91653_s_at
5530,D21241_xpt1_s_at
5532,D26155_s_at
5534,U62293_rna1_s_at
5535,X77922_s_at
5536,D87716_s_at
5537,D26535_s_at
5538,L15326_s_at
5539,D28235_s_at
5540,D28473_s_at
5541,D28539_s_at
5542,X59842_rna1_s_at
5543,S78467_s_at
5544,D29640_s_at
5545,D29675_at
5546,D29675_s_at
5548,U10473_s_at
5550,L00190_s_at
5552,D30715_xpt5_s_at
5553,D31628_s_at
5555,D31833_s_at
5556,L10377_s_at
5557,D31840_s_at
5558,S79862_s_at
5559,X82279_s_at
5562,D37781_s_at
5563,HG4169-HT4439_s_at
5564,D37984_s_at
5565,X62153_s_at
5567,U11821_s_at
5568,D38163_s_at
5571,D38496_s_at
5572,U38964_s_at
5573,D38537_s_at
5578,X90976_s_at
5579,X89109_s_at
5581,M19311_at
5584,D49354_s_at
5585,D49372_s_at
5586,D49487_s_at
5587,D49824_at
5589,L38593_s_at
5590,U50079_s_at
5593,Z75190_s_at
5594,D50855_s_at
5595,U58046_s_at
5596,D55643_s_at
5597,D63479_s_at
5598,D63861_s_at
5599,D63882_s_at
5600,D63940_s_at
5602,M96954_s_at
5607,D79984_s_at
5608,S78271_s_at
5611,D83260_s_at
5612,D85131_s_at
5614,D85759_s_at
5615,U52373_s_at
5618,D86062_s_at
5619,D86096_cds1_s_at
5620,HG3238-HT4861_s_at
5621,X83857_s_at
5622,D86331_s_at
5624,Z35085_s_at
5625,U65533_s_at
5626,X51755_cds5_s_at
5627,U52191_s_at
5629,Y08682_rna1_s_at
5631,D89377_at
5632,D89377_s_at
5633,Z74792_s_at
5634,X17059_s_at
5635,D90070_s_at
5637,HG1728-HT1734_at
5639,D90279_s_at
5641,HG2271-HT2367_at
5642,HG2271-HT2367_s_at
5643,X55448_cds1_s_at
5645,HG1140-HT4817_s_at
5646,HG1227-HT1227_s_at
5647,M19828_s_at
5649,HG1327-HT1327_s_at
5652,HG1437-HT1437_s_at
5658,M76125_s_at
5659,HG167-HT167_s_at
5661,HG1751-HT1768_at
5662,HG1751-HT1768_s_at
5664,HG1761-HT1778_s_at
5670,HG1783-HT1803_s_at
5671,HG1827-HT1856_s_at
5672,U24183_s_at
5673,M29874_s_at
5675,Z26248_s_at
5678,HG210-HT210_s_at
5679,HG2175-HT2245_s_at
5680,HG2197-HT2267_s_at
5683,HG2259-HT2348_s_at
5684,HG2260-HT2349_s_at
5685,HG2261-HT2351_s_at
5686,M86757_s_at
5687,HG2358-HT4858_s_at
5690,HG2379-HT3996_s_at
5691,HG2379-HT3997_s_at
5692,HG2380-HT2476_s_at
5694,HG2414-HT2510_s_at
5695,HG243-HT243_s_at
5698,U10099_s_at
5699,HG2479-HT2575_at
5700,HG2479-HT2575_s_at
5703,S52028_s_at
5704,L26584_s_at
5705,X06182_s_at
5708,HG2564-HT2660_s_at
5710,X52009_s_at
5712,U22376_cds2_s_at
5713,M29037_s_at
5714,X55019_s_at
5715,HG2639-HT2735_s_at
5716,HG2649-HT2745_s_at
5718,M90391_s_at
5720,HG273-HT273_at
5721,HG273-HT273_s_at
5722,HG2730-HT2827_s_at
5723,HG2730-HT2828_s_at
5724,M58569_s_at
5725,X16609_s_at
5726,HG274-HT274_s_at
5728,HG2743-HT3926_s_at
5731,HG2797-HT2905_at
5732,HG2797-HT2905_s_at
5733,M91556_s_at
5735,HG2809-HT2920_s_at
5740,M58509_cds1_s_at
5741,HG2841-HT2969_s_at
5742,U22961_s_at
5743,HG2841-HT2968_s_at
5744,J00139_s_at
5745,HG2850-HT4814_s_at
5747,M89914_s_at
5748,HG2981-HT3127_s_at
5749,HG2981-HT3938_s_at
5750,HG2981-HT3125_s_at
5751,HG2987-HT3136_s_at
5753,X52896_s_at
5754,U77846_rna1_at
5756,HG2999-HT4756_s_at
5762,HG3085-HT3254_s_at
5764,HG3105-HT3281_s_at
5765,HG3107-HT3283_s_at
5766,HG3125-HT3301_s_at
5768,HG3187-HT3366_s_at
5769,M31520_rna1_at
5772,HG3242-HT3419_s_at
5779,X68505_s_at
5780,HG3412-HT3593_s_at
5781,HG3417-HT3600_s_at
5782,HG3426-HT3610_s_at
5791,HG36-HT4101_s_at
5794,HG3703-HT3915_s_at
5796,HG371-HT1063_s_at
5799,HG3725-HT3981_s_at
5800,HG3730-HT4000_s_at
5801,S80267_s_at
5802,U10687_s_at
5803,HG3914-HT4184_s_at
5804,HG3920-HT4521_s_at
5805,HG3925-HT4195_at
5807,HG3928-HT4198_at
5808,HG3928-HT4198_s_at
5809,HG3954-HT4224_s_at
5811,HG4011-HT4804_s_at
5814,HG4063-HT4333_s_at
5815,HG4094-HT4364_s_at
5818,HG4116-HT4386_s_at
5819,HG4113-HT4383_s_at
5820,HG4120-HT4392_s_at
5821,HG4155-HT4425_s_at
5823,L13266_s_at
5825,M20867_s_at
5826,HG4264-HT4534_s_at
5829,HG4517-HT4920_s_at
5830,HG4535-HT4940_s_at
5831,U19251_s_at
5834,HG4683-HT5108_s_at
5835,HG4755-HT5203_s_at
5837,M79463_s_at
5838,M82827_s_at
5840,HG627-HT5098_s_at
5842,X57110_s_at
5843,L07261_s_at
5844,HG651-HT5209_s_at
5848,HG721-HT4827_s_at
5849,HG759-HT759_s_at
5850,HG855-HT855_s_at
5851,HG862-HT862_s_at
5852,HG880-HT880_at
5853,HG880-HT880_s_at
5854,HG884-HT884_s_at
5855,L08096_s_at
5856,HG944-HT944_s_at
5858,HG945-HT945_s_at
5859,X54457_s_at
5861,HG982-HT982_s_at
5862,HG998-HT998_s_at
5865,X01038_rna1_s_at
5867,J00116_s_at
5868,V00535_rna2_s_at
5869,J00219_s_at
5870,L00022_s_at
5876,V00574_s_at
5885,M13232_s_at
5886,M22403_s_at
5887,J02947_s_at
5890,M29610_s_at
5891,U05255_at
5892,U05255_s_at
5893,M17446_s_at
5898,U07804_s_at
5902,X51441_at
5903,X51441_s_at
5905,Y00285_s_at
5906,M26004_s_at
5907,S62696_s_at
5911,J03626_rna1_s_at
5912,X57579_s_at
5914,X04729_s_at
5915,J03778_s_at
5916,M21119_s_at
5918,M26958_s_at
5922,J05253_s_at
5924,J04029_s_at
5926,M69203_s_at
5928,J04152_rna1_s_at
5931,J04430_s_at
5932,U75272_s_at
5933,M27968_s_at
5939,J04810_s_at
5940,J05016_rna1_s_at
5941,J05036_s_at
5942,J05200_rna1_s_at
5944,J05582_s_at
5946,X53002_s_at
5948,K01160_s_at
5949,S77835_s_at
5950,X00695_s_at
5951,X02176_s_at
5953,M13058_s_at
5955,K03494_s_at
5956,K03498_xpt1_s_at
5957,M26901_s_at
5958,M21642_at
5959,M21642_s_at
5960,X69920_s_at
5961,L00634_s_at
5962,X66113_s_at
5965,U09851_s_at
5967,L05072_s_at
5969,M26665_at
5970,M26665_s_at
5972,L05628_s_at
5973,Z94753_s_at
5974,U50360_s_at
5976,M88461_s_at
5979,L08044_s_at
5980,S57212_s_at
5985,M30607_s_at
5989,U89922_s_at
5991,L11238_s_at
5992,L11244_s_at
5993,L11701_s_at
5995,U37055_rna1_s_at
5996,U67932_s_at
5999,U03397_s_at
6000,X65727_cds2_s_at
6001,L13939_s_at
6002,X68285_s_at
6003,X69886_s_at
6004,L14848_s_at
6005,L15296_s_at
6006,U58837_s_at
6007,X67235_s_at
6008,L17075_s_at
6009,L17418_cds2_s_at
6010,U33838_at
6011,U33838_s_at
6014,M67468_s_at
6015,L19493_s_at
6016,U11875_s_at
6017,X64624_s_at
6018,L20469_s_at
6019,U59632_s_at
6021,U18088_s_at
6022,X63575_s_at
6023,U24389_s_at
6024,U02683_s_at
6025,U18383_s_at
6026,L22524_s_at
6028,M27394_s_at
6030,L24774_s_at
6031,L25286_s_at
6032,M89470_s_at
6033,U45255_s_at
6034,L25931_s_at
6035,U35005_s_at
6037,L27213_s_at
6041,X69962_s_at
6044,S77893_s_at
6046,S75578_s_at
6047,U80226_s_at
6048,L33262_s_at
6049,L34363_s_at
6051,L35253_s_at
6053,U19495_s_at
6054,X95097_rna1_s_at
6055,X95425_s_at
6056,U17743_s_at
6057,L37036_s_at
6058,X94628_rna1_s_at
6060,M34458_rna1_s_at
6063,U15637_s_at
6065,L40384_s_at
6068,U43185_s_at
6069,M97347_s_at
6070,L49209_s_at
6071,L42374_s_at
6072,L43575_s_at
6073,L43579_at
6074,L43579_s_at
6081,Y08765_s_at
6082,Y08766_s_at
6083,U37546_s_at
6085,L76528_s_at
6086,U48436_s_at
6089,U31216_s_at
6090,L77567_s_at
6091,U64315_s_at
6092,U64805_s_at
6093,U72882_s_at
6094,V00565_s_at
6095,M10051_s_at
6097,M11025_s_at
6098,X62891_s_at
6100,X05855_at
6103,X03363_s_at
6104,X02875_s_at
6105,M12963_s_at
6110,M13686_s_at
6112,M34353_s_at
6113,M13928_s_at
6115,X81851_s_at
6117,M60891_s_at
6118,U59058_s_at
6122,X04602_s_at
6123,Y00081_s_at
6125,X64072_s_at
6126,M15517_cds3_s_at
6127,M27396_s_at
6129,M16474_s_at
6131,M16591_s_at
6132,M16652_at
6133,M16652_s_at
6134,M16707_rna1_at
6135,M16707_rna1_s_at
6138,M31423_s_at
6139,U08006_s_at
6140,M28130_rna1_s_at
6141,Y00787_s_at
6142,M17236_at
6143,M17236_s_at
6144,M26856_s_at
6145,M17254_s_at
6146,Y00414_s_at
6147,M18255_cds2_s_at
6148,M18391_s_at
6150,Y00083_s_at
6151,X54667_at
6155,M19508_xpt3_s_at
6156,M19878_at
6157,M19878_s_at
6158,M27783_s_at
6159,M20203_s_at
6161,M20642_s_at
6163,M20778_s_at
6164,M26311_s_at
6165,M84371_rna1_s_at
6167,M54914_s_at
6168,M26692_s_at
6169,Z20656_rna1_s_at
6170,M21665_s_at
6171,M35851_s_at
6172,M33772_s_at
6174,M22348_s_at
6178,M23892_s_at
6181,M55024_s_at
6183,M24486_s_at
6184,M24736_s_at
6189,X72632_s_at
6191,M31776_s_at
6193,M26041_s_at
6194,Z80345_rna1_s_at
6196,M27093_s_at
6197,M27504_s_at
6198,M27533_s_at
6200,M28213_s_at
6203,M29277_s_at
6207,M29335_s_at
6208,Z47055_s_at
6209,M29932_s_at
6210,M29994_s_at
6212,M31516_s_at
6213,M30257_s_at
6217,M30703_s_at
6218,M74587_rna1_s_at
6219,X97748_s_at
6220,M31169_s_at
6222,M31241_s_at
6223,M65214_s_at
6224,M33684_s_at
6226,M31774_s_at
6227,X68090_s_at
6228,X51435_s_at
6229,X54199_s_at
6231,M32879_at
6232,M32879_s_at
6234,M86873_s_at
6236,U22178_s_at
6237,M34376_s_at
6241,M36118_s_at
6242,X13955_s_at
6246,M36653_s_at
6247,Z38133_s_at
6248,M57731_s_at
6249,X53800_s_at
6250,M37238_s_at
6253,M86383_s_at
6254,M38449_s_at
6256,M86933_at
6257,M86933_s_at
6259,M60450_s_at
6261,M55682_s_at
6264,U16720_rna1_s_at
6266,M65134_s_at
6269,M59216_s_at
6270,X52282_s_at
6272,M60483_rna1_s_at
6273,X69950_s_at
6275,S81661_s_at
6276,M61826_s_at
6278,X65962_s_at
6281,S38742_s_at
6283,X53595_s_at
6284,M73746_s_at
6287,M63838_s_at
6288,M64269_s_at
6289,X51823_at
6290,X51823_s_at
6291,M81886_s_at
6296,M73239_s_at
6297,M74088_s_at
6298,X63131_s_at
6299,M74715_s_at
6301,Z31690_s_at
6302,M75715_s_at
6305,M77348_rna1_s_at
6308,M80397_s_at
6313,M81695_s_at
6321,U84011_s_at
6322,X15673_s_at
6323,X62515_s_at
6324,M87507_s_at
6325,M91368_s_at
6326,M91669_s_at
6327,X03794_s_at
6329,U33202_s_at
6330,U33203_s_at
6332,X57348_s_at
6333,X56088_s_at
6334,X75091_s_at
6335,M94172_s_at
6337,M95585_s_at
6338,X68985_s_at
6342,X14253_s_at
6348,X63741_s_at
6349,X66142_s_at
6350,X57809_at
6352,S62028_s_at
6353,S52969_cds1_s_at
6354,X65784_s_at
6357,U95019_s_at
6358,U12387_s_at
6359,S62904_s_at
6360,S68134_s_at
6363,S69370_s_at
6364,X51362_s_at
6366,S72503_s_at
6367,U24056_s_at
6371,S75256_s_at
6372,U33052_s_at
6373,S75881_s_at
6374,S76473_s_at
6375,U05012_s_at
6378,S77154_s_at
6379,U00001_s_at
6380,S78798_s_at
6381,S78873_s_at
6382,S79219_s_at
6386,S81243_s_at
6387,S81264_s_at
6388,S81737_s_at
6389,S82471_s_at
6390,S82597_rna1_s_at
6392,S83325_s_at
6393,S83362_s_at
6396,U22322_s_at
6403,U06155_at
6410,U08191_s_at
6411,U09087_s_at
6412,U18271_cds3_s_at
6416,U72935_cds3_s_at
6418,Z29066_s_at
6419,U11717_s_at
6420,U13913_s_at
6421,U28758_s_at
6422,U11862_s_at
6423,U27516_s_at
6424,U12424_s_at
6425,U29943_s_at
6427,X75346_s_at
6428,U13021_s_at
6429,U13696_s_at
6430,U14577_s_at
6431,U15642_s_at
6432,U16120_s_at
6433,X91911_s_at
6434,U16812_s_at
6435,U16811_s_at
6437,X74301_s_at
6438,U18297_s_at
6439,U19147_s_at
6441,U19557_s_at
6442,U31973_s_at
6443,U20536_s_at
6444,U20759_s_at
6449,U23435_s_at
6453,U32499_s_at
6454,U26173_s_at
6456,U26312_s_at
6457,U60206_s_at
6458,Z16411_s_at
6459,U27333_at
6460,U27333_s_at
6461,U27326_s_at
6462,U28488_s_at
6463,U75276_s_at
6464,Z50115_s_at
6466,U31201_cds2_s_at
6468,U31903_s_at
6471,U33448_s_at
6474,U43203_s_at
6475,X82850_s_at
6476,U67092_at
6478,X91196_s_at
6480,U33936_s_at
6481,U34070_s_at
6482,X89986_s_at
6483,U40317_s_at
6484,U35637_s_at
6485,U35835_s_at
6487,U36759_s_at
6488,Z69030_s_at
6489,X85137_s_at
6490,U38227_s_at
6491,Z47038_s_at
6492,X81832_s_at
6495,X93511_s_at
6496,U40763_s_at
6497,U40846_s_at
6500,X76942_s_at
6504,U43189_s_at
6505,U43747_s_at
6507,U44799_s_at
6508,U45448_s_at
6509,U46746_s_at
6511,U47686_s_at
6512,U48865_s_at
6513,U49020_cds2_s_at
6516,U49957_s_at
6517,U50361_s_at
6518,U50527_s_at
6519,U52077_s_at
6520,X99374_s_at
6521,X92493_s_at
6524,Z54367_s_at
6527,U56402_s_at
6529,U57623_s_at
6530,U57971_s_at
6531,X60787_s_at
6532,U59831_rna1_s_at
6533,U69140_s_at
6534,U60808_s_at
6535,U61276_s_at
6536,U67122_s_at
6537,X99586_s_at
6539,U79261_s_at
6540,Y08417_s_at
6541,U72263_s_at
6542,U67368_s_at
6543,U64573_s_at
6544,U65416_rna1_s_at
6545,X56687_s_at
6546,X00437_s_at
6547,U66726_at
6548,U66726_s_at
6549,Z70276_s_at
6550,U66828_s_at
6554,U68135_s_at
6555,U68162_cds1_s_at
6557,U86755_s_at
6559,U71203_s_at
6560,Y07565_s_at
6561,U72509_s_at
6564,U73167_cds2_s_at
6568,U75309_s_at
6570,U79115_s_at
6571,U79667_s_at
6572,X99897_s_at
6573,U80987_s_at
6574,Y10262_s_at
6575,U82108_s_at
6576,U83239_s_at
6577,U83326_s_at
6578,X99393_s_at
6579,U83598_at
6580,U83598_s_at
6582,U90543_at
6583,U90543_s_at
6584,U90552_at
6585,U90552_s_at
6586,Y07827_s_at
6587,U92314_s_at
6589,Y08265_s_at
6590,X17644_s_at
6591,X58822_rna1_s_at
6593,X04470_s_at
6594,X04706_s_at
6595,Z11518_s_at
6597,X12530_s_at
6598,X07619_s_at
6599,X65965_s_at
6600,X13100_s_at
6601,X14885_rna1_s_at
6603,X14690_s_at
6606,X16260_s_at
6607,X16504_s_at
6608,X16660_cds1_s_at
6612,X53296_s_at
6614,X53390_s_at
6615,X55037_s_at
6617,X58431_rna2_s_at
6620,X63522_s_at
6622,X83492_at
6623,X83492_s_at
6624,X83490_s_at
6625,X89101_s_at
6626,X64877_at
6627,X64877_s_at
6628,X66276_s_at
6629,X66894_s_at
6630,X98337_s_at
6631,X69116_s_at
6635,X74987_s_at
6636,X76223_s_at
6639,X79200_s_at
6640,Z34974_s_at
6642,X97267_rna1_s_at
6643,X81836_s_at
6645,Z70218_s_at
6646,X83301_s_at
6651,X90846_at
6653,X95240_s_at
6654,X95632_s_at
6655,X98178_s_at
6657,X99886_s_at
6658,Y10514_s_at
6659,Y10508_s_at
6660,Z11899_s_at
6661,Z35402_rna1_s_at
6662,Z48519_s_at
6663,AF000424_s_at
6666,HG3546-HT3744_s_at
6668,K02882_cds1_s_at
6670,M95936_s_at
6672,X89399_s_at
6673,HG3996-HT4266_at
6675,M58460_at
6676,S77582_at
6677,U33880_at
6678,X14474_at
6681,HG2171-HT2241_at
6682,HG2171-HT2241_r_at
6683,HG2239-HT2324_at
6684,HG2239-HT2324_r_at
6685,HG2365-HT2461_at
6686,HG3033-HT3194_at
6688,HG3115-HT3291_at
6689,HG3565-HT3768_at
6691,HG3731-HT4001_at
6692,HG3731-HT4001_r_at
6693,HG3991-HT4261_at
6695,HG4340-HT4610_at
6696,HG4518-HT4921_at
6697,HG4518-HT4921_r_at
6698,HG4557-HT4962_at
6699,HG4557-HT4962_r_at
6702,M21388_at
6704,M55422_at
6705,M96132_at
6706,U57341_at
6708,U90546_at
6709,U90546_r_at
6710,X87344_cds10_at
6712,X98482_at
6719,U34301_at
6720,U34301_r_at
6721,X94563_xpt2_r_at
6722,Z46632_at
6724,AF001359_f_at
6725,HG1034-HT1034_f_at
6726,HG2148-HT2218_f_at
6727,HG3141-HT3317_f_at
6731,HG3635-HT3845_f_at
6734,HG4417-HT4687_f_at
6736,J02982_f_at
6738,L05514_f_at
6739,L49173_f_at
6740,L49219_f_at
6741,L49229_f_at
6742,L76670_f_at
6744,M23575_f_at
6745,S78693_f_at
6747,X59244_f_at
6749,D16154_at
6750,D17793_at
6754,D90042_at
6756,HG1996-HT2044_at
6757,HG2149-HT2219_at
6758,HG2160-HT2230_at
6759,HG2600-HT2696_at
6760,HG3491-HT3685_at
6761,HG3513-HT3707_at
6762,HG3636-HT3846_at
6763,HG4108-HT4378_at
6764,HG4109-HT4379_at
6768,HG491-HT491_at
6769,HG881-HT881_at
6770,J00146_at
6771,J00207_rna2_at
6772,J00210_rna1_at
6773,J00220_cds5_at
6776,K03431_cds1_at
6777,L05187_at
6778,L08010_at
6780,L14430_at
6781,L20433_at
6782,L32606_at
6783,L34035_at
6787,M13485_at
6788,M14306_at
6789,M16714_at
6791,M21302_at
6792,M21539_at
6793,M23263_at
6798,M35999_at
6800,M37075_at
6801,M37981_at
6802,M38180_rna1_at
6803,M55418_at
6804,M55419_at
6805,M60746_at
6806,M60751_at
6807,M61855_at
6808,M68519_rna1_at
6809,M77144_rna1_at
6810,M81650_rna1_at
6811,M90354_at
6813,M93311_at
6814,M99435_at
6816,M99438_at
6817,M99439_at
6818,S68287_at
6820,S73840_at
6821,S74720_at
6822,S78774_at
6823,U00928_at
6824,U01317_cds4_at
6825,U02388_at
6828,U12140_at
6829,U19765_at
6830,U21556_at
6831,U24153_at
6832,U24683_at
6833,U24685_at
6834,U25975_at
6835,U27460_at
6836,U28014_at
6837,U28015_at
6840,U44103_at
6841,U44105_at
6843,U62432_at
6845,U66077_at
6847,U82279_at
6849,U83117_at
6850,U84388_at
6851,U92027_at
6852,X00088_at
6853,X00948_at
6854,X00949_at
6856,X02956_at
6858,X06825_at
6859,X16546_at
6861,X54489_rna1_at
6862,X55989_rna1_at
6863,X58399_at
6864,X58401_at
6865,X60487_at
6866,X69115_at
6868,X72304_at
6869,X72475_at
6870,X78712_at
6871,X87211_at
6872,X90530_at
6873,X98225_at
6876,Y07566_at
6878,Z00010_at
6881,Z46261_at
6883,Z49105_at
6884,Z68274_at
6885,Z80779_at
6886,Z80781_at
6887,Z80783_at
6890,Z83735_at
6891,D17427_at
6892,D17547_at
6894,D64053_at
6895,D86096_cds6_at
6896,J00277_at
6898,J03634_at
6899,L05144_at
6902,L13943_at
6903,L32961_at
6905,L36644_at
6908,M16594_at
6909,M16653_at
6910,M17252_at
6911,M24069_at
6914,M28170_at
6915,M28439_at
6916,M36634_at
6917,M60614_at
6918,M62303_at
6919,M64752_at
6920,M95740_at
6921,M96956_at
6922,U01337_at
6923,U01828_at
6924,U03494_at
6932,U46744_at
6933,U47677_at
6934,U62434_at
6935,U69611_at
6936,X00038_at
6937,X00540_at
6938,X05345_at
6939,X06318_at
6940,X07496_at
6941,X07730_at
6942,X12953_at
6946,X52889_at
6947,X53683_at
6948,X78711_at
6949,X80878_at
6950,X81637_at
6951,X95876_at
6952,X96754_at
6953,X98253_at
6954,Y00477_at
6955,Z11933_at
6957,Z68193_at
6958,Z86000_at
6959,M27749_at
6960,M27749_r_at
6961,M33318_r_at
6964,U22028_at
6965,U22028_r_at
6966,U88898_at
6969,X97261_r_at
6971,D38437_f_at
6974,HG2139-HT2208_f_at
6975,HG2255-HT2344_f_at
6979,HG3707-HT3922_f_at
6980,HG4027-HT4297_f_at
6981,HG4236-HT4506_f_at
6983,HG458-HT458_f_at
6984,HG67-HT67_f_at
6986,J00148_cds2_f_at
6988,J00212_f_at
6989,J03071_cds3_f_at
6993,K03192_f_at
6994,K03204_f_at
6998,L05188_f_at
6999,L18877_f_at
7000,L18920_f_at
7005,M20030_f_at
7006,M22612_f_at
7008,M28585_f_at
7009,M33317_f_at
7012,M57423_f_at
7013,M60750_f_at
7014,M77481_rna1_f_at
7016,M92269_f_at
7018,U10689_f_at
7019,U10690_f_at
7020,U22029_f_at
7021,U49974_f_at
7022,U65918_f_at
7023,V00532_rna1_f_at
7024,V00533_rna1_f_at
7025,V00542_f_at
7026,V00551_f_at
7028,X00090_f_at
7029,X13930_f_at
7030,X53065_f_at
7032,X67491_f_at
7033,X71345_f_at
7034,X97444_f_at
7035,Z80780_f_at
7039,L41268_f_at
7045,Z34822_f_at
7046,U87593_f_at
7047,U88902_cds1_f_at
7048,AC002076_cds2_at
7049,D64015_at
7050,HG2510-HT2606_at
7051,L10717_at
7052,L34355_at
7053,L78833_cds4_at
7054,M13981_at
7055,M21064_at
7056,M93143_at
7057,S78825_at
7058,U11863_at
7060,U48730_at
7062,U73738_at
7063,X06956_at
7064,X16699_at
7066,Z17240_at
7067,L49218_f_at
7068,M71243_f_at
7069,Z78285_f_at
